id	title	brand	link	vehicle MSRP	description	image_link	availability	condition	product_type	google_product_category	MPN	link_template	color	mileage	model	vin	year	price	store code	MSRP	mileage.unit	certified_pre_owned	custom_label_0
19XFL2H88TE043861	2026 Honda Civic Hatchback Sport	Honda	https://www.dahlhondaonalaska.com/viewdetails/new/19xfl2h88te043861/2026-honda-civic-hatchback-4dr-car/	29190 USD	2026 Meteorite Gray Metallic Honda Civic Sport For sale at Dahl Honda Onalaska in Onalaska Wisconsin.	https://prod.tvmimageservice.com/images/GetEvoxImage?styleid=477117&amp;Width=640&amp;Height=480&amp;Type=jpeg&amp;Angle=03&amp;quality=80&amp;BackGroundColor=white&amp;colorcode=GC&amp;autocrop=True&amp;useoverrides=true	in stock	NEW	OTHER	Vehicles & Parts > Vehicles > Motor Vehicles > Cars, Trucks & Vans	19XFL2H88TE043861	https://www.dahlhondaonalaska.com/viewdetails/new/19xfl2h88te043861/2026-honda-civic-hatchback-4dr-car/123?store={store_code}	GRAY	0 miles	Civic	19XFL2H88TE043861	2026	29190 USD	Honda	29190 USD	MI	no	New
2HGFE2F22TH628384	2026 Honda Civic Sedan LX	Honda	https://www.dahlhondaonalaska.com/viewdetails/new/2hgfe2f22th628384/2026-honda-civic-sedan-4dr-car/	26345 USD	2026 Blue Lagoon Pearl Honda Civic LX For sale at Dahl Honda Onalaska in Onalaska Wisconsin.	https://prod.tvmimageservice.com/images/GetEvoxImage?styleid=477115&amp;Width=640&amp;Height=480&amp;Type=jpeg&amp;Angle=03&amp;quality=80&amp;BackGroundColor=white&amp;colorcode=BL&amp;autocrop=True&amp;useoverrides=true	in stock	NEW	OTHER	Vehicles & Parts > Vehicles > Motor Vehicles > Cars, Trucks & Vans	2HGFE2F22TH628384	https://www.dahlhondaonalaska.com/viewdetails/new/2hgfe2f22th628384/2026-honda-civic-sedan-4dr-car/123?store={store_code}	BLUE	0 miles	Civic	2HGFE2F22TH628384	2026	26345 USD	Honda	26345 USD	MI	no	New
2HGFE2F22TH630703	2026 Honda Civic Sedan LX	Honda	https://www.dahlhondaonalaska.com/viewdetails/new/2hgfe2f22th630703/2026-honda-civic-sedan-4dr-car/	25890 USD	2026 Meteorite Gray Metallic Honda Civic LX For sale at Dahl Honda Onalaska in Onalaska Wisconsin.	https://prod.tvmimageservice.com/images/GetEvoxImage?styleid=477115&amp;Width=640&amp;Height=480&amp;Type=jpeg&amp;Angle=03&amp;quality=80&amp;BackGroundColor=white&amp;colorcode=GC&amp;autocrop=True&amp;useoverrides=true	in stock	NEW	OTHER	Vehicles & Parts > Vehicles > Motor Vehicles > Cars, Trucks & Vans	2HGFE2F22TH630703	https://www.dahlhondaonalaska.com/viewdetails/new/2hgfe2f22th630703/2026-honda-civic-sedan-4dr-car/123?store={store_code}	GRAY	0 miles	Civic	2HGFE2F22TH630703	2026	25890 USD	Honda	25890 USD	MI	no	New
2HGFE2F51TH626250	2026 Honda Civic Sedan Sport	Honda	https://www.dahlhondaonalaska.com/viewdetails/new/2hgfe2f51th626250/2026-honda-civic-sedan-4dr-car/	28345 USD	2026 Blue Lagoon Pearl Honda Civic Sport For sale at Dahl Honda Onalaska in Onalaska Wisconsin.	https://prod.tvmimageservice.com/images/GetEvoxImage?styleid=477116&amp;Width=640&amp;Height=480&amp;Type=jpeg&amp;Angle=03&amp;quality=80&amp;BackGroundColor=white&amp;colorcode=BL&amp;autocrop=True&amp;useoverrides=true	in stock	NEW	OTHER	Vehicles & Parts > Vehicles > Motor Vehicles > Cars, Trucks & Vans	2HGFE2F51TH626250	https://www.dahlhondaonalaska.com/viewdetails/new/2hgfe2f51th626250/2026-honda-civic-sedan-4dr-car/123?store={store_code}	BLUE	0 miles	Civic	2HGFE2F51TH626250	2026	28345 USD	Honda	28345 USD	MI	no	New
2HKRS4H72TH520878	2026 Honda CR-V EX-L	Honda	https://www.dahlhondaonalaska.com/viewdetails/new/2hkrs4h72th520878/2026-honda-cr-v-sport-utility/	38905 USD	2026 Platinum White Pearl Honda CR-V EX-L For sale at Dahl Honda Onalaska in Onalaska Wisconsin.	https://prod.tvmimageservice.com/images/GetEvoxImage?styleid=476090&amp;Width=640&amp;Height=480&amp;Type=jpeg&amp;Angle=03&amp;quality=80&amp;BackGroundColor=white&amp;colorcode=WX&amp;autocrop=True&amp;useoverrides=true	in stock	NEW	SUV	Vehicles & Parts > Vehicles > Motor Vehicles > Cars, Trucks & Vans	2HKRS4H72TH520878	https://www.dahlhondaonalaska.com/viewdetails/new/2hkrs4h72th520878/2026-honda-cr-v-sport-utility/123?store={store_code}	WHITE	0 miles	CR-V	2HKRS4H72TH520878	2026	38905 USD	Honda	38905 USD	MI	no	New
3CZRZ2H51VM744388	2027 Honda HR-V Sport	Honda	https://www.dahlhondaonalaska.com/viewdetails/new/3czrz2h51vm744388/2027-honda-hr-v-sport-utility/	31905 USD	2027 Urban Gray Pearl Honda HR-V Sport For sale at Dahl Honda Onalaska in Onalaska Wisconsin.	https://prod.tvmimageservice.com/images/GetEvoxImage?styleid=484883&amp;Width=640&amp;Height=480&amp;Type=jpeg&amp;Angle=03&amp;quality=80&amp;BackGroundColor=white&amp;colorcode=GE&amp;autocrop=True&amp;useoverrides=true	in stock	NEW	SUV	Vehicles & Parts > Vehicles > Motor Vehicles > Cars, Trucks & Vans	3CZRZ2H51VM744388	https://www.dahlhondaonalaska.com/viewdetails/new/3czrz2h51vm744388/2027-honda-hr-v-sport-utility/123?store={store_code}	GRAY	0 miles	HR-V	3CZRZ2H51VM744388	2027	31905 USD	Honda	31905 USD	MI	no	New
3CZRZ2H55VM741185	2027 Honda HR-V Sport	Honda	https://www.dahlhondaonalaska.com/viewdetails/new/3czrz2h55vm741185/2027-honda-hr-v-sport-utility/	31805 USD	2027 Boost Blue Pearl Honda HR-V Sport For sale at Dahl Honda Onalaska in Onalaska Wisconsin.	https://prod.tvmimageservice.com/images/GetEvoxImage?styleid=484883&amp;Width=640&amp;Height=480&amp;Type=jpeg&amp;Angle=03&amp;quality=80&amp;BackGroundColor=white&amp;colorcode=BP&amp;autocrop=True&amp;useoverrides=true	in stock	NEW	SUV	Vehicles & Parts > Vehicles > Motor Vehicles > Cars, Trucks & Vans	3CZRZ2H55VM741185	https://www.dahlhondaonalaska.com/viewdetails/new/3czrz2h55vm741185/2027-honda-hr-v-sport-utility/123?store={store_code}	BLUE	0 miles	HR-V	3CZRZ2H55VM741185	2027	31805 USD	Honda	31805 USD	MI	no	New
3CZRZ2H56VM741941	2027 Honda HR-V Sport	Honda	https://www.dahlhondaonalaska.com/viewdetails/new/3czrz2h56vm741941/2027-honda-hr-v-sport-utility/	31805 USD	2027 Nordic Forest Pearl Honda HR-V Sport For sale at Dahl Honda Onalaska in Onalaska Wisconsin.	https://prod.tvmimageservice.com/images/GetEvoxImage?styleid=484883&amp;Width=640&amp;Height=480&amp;Type=jpeg&amp;Angle=03&amp;quality=80&amp;BackGroundColor=white&amp;colorcode=GN&amp;autocrop=True&amp;useoverrides=true	in stock	NEW	SUV	Vehicles & Parts > Vehicles > Motor Vehicles > Cars, Trucks & Vans	3CZRZ2H56VM741941	https://www.dahlhondaonalaska.com/viewdetails/new/3czrz2h56vm741941/2027-honda-hr-v-sport-utility/123?store={store_code}	GREEN	0 miles	HR-V	3CZRZ2H56VM741941	2027	31805 USD	Honda	31805 USD	MI	no	New
3CZRZ2H5XVM744213	2027 Honda HR-V Sport	Honda	https://www.dahlhondaonalaska.com/viewdetails/new/3czrz2h5xvm744213/2027-honda-hr-v-sport-utility/	31905 USD	2027 Boost Blue Pearl Honda HR-V Sport For sale at Dahl Honda Onalaska in Onalaska Wisconsin.	https://prod.tvmimageservice.com/images/GetEvoxImage?styleid=484883&amp;Width=640&amp;Height=480&amp;Type=jpeg&amp;Angle=03&amp;quality=80&amp;BackGroundColor=white&amp;colorcode=BP&amp;autocrop=True&amp;useoverrides=true	in stock	NEW	SUV	Vehicles & Parts > Vehicles > Motor Vehicles > Cars, Trucks & Vans	3CZRZ2H5XVM744213	https://www.dahlhondaonalaska.com/viewdetails/new/3czrz2h5xvm744213/2027-honda-hr-v-sport-utility/123?store={store_code}	BLUE	0 miles	HR-V	3CZRZ2H5XVM744213	2027	31905 USD	Honda	31905 USD	MI	no	New
3CZRZ2H74VM742250	2027 Honda HR-V EX-L	Honda	https://www.dahlhondaonalaska.com/viewdetails/new/3czrz2h74vm742250/2027-honda-hr-v-sport-utility/	33855 USD	2027 Nordic Forest Pearl Honda HR-V EX-L For sale at Dahl Honda Onalaska in Onalaska Wisconsin.	https://prod.tvmimageservice.com/images/GetEvoxImage?styleid=484884&amp;Width=640&amp;Height=480&amp;Type=jpeg&amp;Angle=03&amp;quality=80&amp;BackGroundColor=white&amp;colorcode=GN&amp;autocrop=True&amp;useoverrides=true	in stock	NEW	SUV	Vehicles & Parts > Vehicles > Motor Vehicles > Cars, Trucks & Vans	3CZRZ2H74VM742250	https://www.dahlhondaonalaska.com/viewdetails/new/3czrz2h74vm742250/2027-honda-hr-v-sport-utility/123?store={store_code}	GREEN	0 miles	HR-V	3CZRZ2H74VM742250	2027	33855 USD	Honda	33855 USD	MI	no	New
3GPKHXRJ2TS514658	2026 Honda Prologue Touring	Honda	https://www.dahlhondaonalaska.com/viewdetails/new/3gpkhxrj2ts514658/2026-honda-prologue-sport-utility/	48495 USD	2026 Mercury Silver Metallic Honda Prologue Touring For sale at Dahl Honda Onalaska in Onalaska Wisconsin.	https://prod.tvmimageservice.com/images/GetEvoxImage?styleid=481768&amp;Width=640&amp;Height=480&amp;Type=jpeg&amp;Angle=03&amp;quality=80&amp;BackGroundColor=white&amp;colorcode=SX&amp;autocrop=True&amp;useoverrides=true	in stock	NEW	SUV	Vehicles & Parts > Vehicles > Motor Vehicles > Cars, Trucks & Vans	3GPKHXRJ2TS514658	https://www.dahlhondaonalaska.com/viewdetails/new/3gpkhxrj2ts514658/2026-honda-prologue-sport-utility/123?store={store_code}	SILVER	0 miles	Prologue	3GPKHXRJ2TS514658	2026	48495 USD	Honda	48495 USD	MI	no	New
5FNRL6H68VB004820	2027 Honda Odyssey EX-L	Honda	https://www.dahlhondaonalaska.com/viewdetails/new/5fnrl6h68vb004820/2027-honda-odyssey-mini-van,-passenger/	44690 USD	2027 Modern Steel Metallic Honda Odyssey EX-L For sale at Dahl Honda Onalaska in Onalaska Wisconsin.	https://prod.tvmimageservice.com/images/GetEvoxImage?styleid=489007&amp;Width=640&amp;Height=480&amp;Type=jpeg&amp;Angle=03&amp;quality=80&amp;BackGroundColor=white&amp;colorcode=GX&amp;autocrop=True&amp;useoverrides=true	in stock	NEW	VAN	Vehicles & Parts > Vehicles > Motor Vehicles > Cars, Trucks & Vans	5FNRL6H68VB004820	https://www.dahlhondaonalaska.com/viewdetails/new/5fnrl6h68vb004820/2027-honda-odyssey-mini-van,-passenger/123?store={store_code}	GRAY	0 miles	Odyssey	5FNRL6H68VB004820	2027	44690 USD	Honda	44690 USD	MI	no	New
5FNYF9H3XTB101184	2026 Honda Passport RTL Towing	Honda	https://www.dahlhondaonalaska.com/viewdetails/new/5fnyf9h3xtb101184/2026-honda-passport-sport-utility/	47700 USD	2026 Platinum White Pearl Honda Passport RTL Towing For sale at Dahl Honda Onalaska in Onalaska Wisconsin.	https://prod.tvmimageservice.com/images/GetEvoxImage?styleid=470483&amp;Width=640&amp;Height=480&amp;Type=jpeg&amp;Angle=03&amp;quality=80&amp;BackGroundColor=white&amp;colorcode=WZ&amp;autocrop=True&amp;useoverrides=true	in stock	NEW	SUV	Vehicles & Parts > Vehicles > Motor Vehicles > Cars, Trucks & Vans	5FNYF9H3XTB101184	https://www.dahlhondaonalaska.com/viewdetails/new/5fnyf9h3xtb101184/2026-honda-passport-sport-utility/123?store={store_code}	WHITE	0 miles	Passport	5FNYF9H3XTB101184	2026	47700 USD	Honda	47700 USD	MI	no	New
5FNYF9H87TB100814	2026 Honda Passport TrailSport Elite	Honda	https://www.dahlhondaonalaska.com/viewdetails/new/5fnyf9h87tb100814/2026-honda-passport-sport-utility/	54700 USD	2026 Ash Green Metallic Honda Passport TrailSport Elite For sale at Dahl Honda Onalaska in Onalaska Wisconsin.	https://prod.tvmimageservice.com/images/GetEvoxImage?styleid=470486&amp;Width=640&amp;Height=480&amp;Type=jpeg&amp;Angle=03&amp;quality=80&amp;BackGroundColor=white&amp;colorcode=GP&amp;autocrop=True&amp;useoverrides=true	in stock	NEW	SUV	Vehicles & Parts > Vehicles > Motor Vehicles > Cars, Trucks & Vans	5FNYF9H87TB100814	https://www.dahlhondaonalaska.com/viewdetails/new/5fnyf9h87tb100814/2026-honda-passport-sport-utility/123?store={store_code}	GRAY	0 miles	Passport	5FNYF9H87TB100814	2026	54700 USD	Honda	54700 USD	MI	no	New
5FNYG1H48TB067530	2026 Honda Pilot EX-L	Honda	https://www.dahlhondaonalaska.com/viewdetails/new/5fnyg1h48tb067530/2026-honda-pilot-sport-utility/	49640 USD	2026 Platinum White Pearl Honda Pilot EX-L For sale at Dahl Honda Onalaska in Onalaska Wisconsin.	https://prod.tvmimageservice.com/images/GetEvoxImage?styleid=482800&amp;Width=640&amp;Height=480&amp;Type=jpeg&amp;Angle=03&amp;quality=80&amp;BackGroundColor=white&amp;colorcode=WX&amp;autocrop=True&amp;useoverrides=true	in stock	NEW	SUV	Vehicles & Parts > Vehicles > Motor Vehicles > Cars, Trucks & Vans	5FNYG1H48TB067530	https://www.dahlhondaonalaska.com/viewdetails/new/5fnyg1h48tb067530/2026-honda-pilot-sport-utility/123?store={store_code}	WHITE	0 miles	Pilot	5FNYG1H48TB067530	2026	49640 USD	Honda	49640 USD	MI	no	New
5FNYG1H61TB065765	2026 Honda Pilot TrailSport	Honda	https://www.dahlhondaonalaska.com/viewdetails/new/5fnyg1h61tb065765/2026-honda-pilot-sport-utility/	52440 USD	2026 Solar Silver Metallic Honda Pilot TrailSport For sale at Dahl Honda Onalaska in Onalaska Wisconsin.	https://prod.tvmimageservice.com/images/GetEvoxImage?styleid=482801&amp;Width=640&amp;Height=480&amp;Type=jpeg&amp;Angle=03&amp;quality=80&amp;BackGroundColor=white&amp;colorcode=SA&amp;autocrop=True&amp;useoverrides=true	in stock	NEW	SUV	Vehicles & Parts > Vehicles > Motor Vehicles > Cars, Trucks & Vans	5FNYG1H61TB065765	https://www.dahlhondaonalaska.com/viewdetails/new/5fnyg1h61tb065765/2026-honda-pilot-sport-utility/123?store={store_code}	SILVER	0 miles	Pilot	5FNYG1H61TB065765	2026	52440 USD	Honda	52440 USD	MI	no	New
5FNYG1H89TB068575	2026 Honda Pilot Elite	Honda	https://www.dahlhondaonalaska.com/viewdetails/new/5fnyg1h89tb068575/2026-honda-pilot-sport-utility/	56885 USD	2026 Platinum White Pearl Honda Pilot Elite For sale at Dahl Honda Onalaska in Onalaska Wisconsin.	https://prod.tvmimageservice.com/images/GetEvoxImage?styleid=482803&amp;Width=640&amp;Height=480&amp;Type=jpeg&amp;Angle=03&amp;quality=80&amp;BackGroundColor=white&amp;colorcode=WY&amp;autocrop=True&amp;useoverrides=true	in stock	NEW	SUV	Vehicles & Parts > Vehicles > Motor Vehicles > Cars, Trucks & Vans	5FNYG1H89TB068575	https://www.dahlhondaonalaska.com/viewdetails/new/5fnyg1h89tb068575/2026-honda-pilot-sport-utility/123?store={store_code}	WHITE	0 miles	Pilot	5FNYG1H89TB068575	2026	56885 USD	Honda	56885 USD	MI	no	New
5FNYG1H96TB068199	2026 Honda Pilot Black Edition	Honda	https://www.dahlhondaonalaska.com/viewdetails/new/5fnyg1h96tb068199/2026-honda-pilot-sport-utility/	57145 USD	2026 Sonic Gray Pearl Honda Pilot Black Edition For sale at Dahl Honda Onalaska in Onalaska Wisconsin.	https://prod.tvmimageservice.com/images/GetEvoxImage?styleid=482804&amp;Width=640&amp;Height=480&amp;Type=jpeg&amp;Angle=03&amp;quality=80&amp;BackGroundColor=white&amp;colorcode=GA&amp;autocrop=True&amp;useoverrides=true	in stock	NEW	SUV	Vehicles & Parts > Vehicles > Motor Vehicles > Cars, Trucks & Vans	5FNYG1H96TB068199	https://www.dahlhondaonalaska.com/viewdetails/new/5fnyg1h96tb068199/2026-honda-pilot-sport-utility/123?store={store_code}	GRAY	0 miles	Pilot	5FNYG1H96TB068199	2026	57145 USD	Honda	57145 USD	MI	no	New
5FPYK3F53TB056934	2026 Honda Ridgeline RTL	Honda	https://www.dahlhondaonalaska.com/viewdetails/new/5fpyk3f53tb056934/2026-honda-ridgeline-crew-cab-pickup---short-bed/	45645 USD	2026 Sonic Gray Pearl Honda Ridgeline RTL For sale at Dahl Honda Onalaska in Onalaska Wisconsin.	https://prod.tvmimageservice.com/images/GetEvoxImage?styleid=480794&amp;Width=640&amp;Height=480&amp;Type=jpeg&amp;Angle=03&amp;quality=80&amp;BackGroundColor=white&amp;colorcode=GA&amp;autocrop=True&amp;useoverrides=true	in stock	NEW	TRUCK	Vehicles & Parts > Vehicles > Motor Vehicles > Cars, Trucks & Vans	5FPYK3F53TB056934	https://www.dahlhondaonalaska.com/viewdetails/new/5fpyk3f53tb056934/2026-honda-ridgeline-crew-cab-pickup---short-bed/123?store={store_code}	GRAY	0 miles	Ridgeline	5FPYK3F53TB056934	2026	45645 USD	Honda	45645 USD	MI	no	New
5FPYK3F56TB056944	2026 Honda Ridgeline RTL	Honda	https://www.dahlhondaonalaska.com/viewdetails/new/5fpyk3f56tb056944/2026-honda-ridgeline-crew-cab-pickup---short-bed/	45645 USD	2026 Sonic Gray Pearl Honda Ridgeline RTL For sale at Dahl Honda Onalaska in Onalaska Wisconsin.	https://prod.tvmimageservice.com/images/GetEvoxImage?styleid=480794&amp;Width=640&amp;Height=480&amp;Type=jpeg&amp;Angle=03&amp;quality=80&amp;BackGroundColor=white&amp;colorcode=GA&amp;autocrop=True&amp;useoverrides=true	in stock	NEW	TRUCK	Vehicles & Parts > Vehicles > Motor Vehicles > Cars, Trucks & Vans	5FPYK3F56TB056944	https://www.dahlhondaonalaska.com/viewdetails/new/5fpyk3f56tb056944/2026-honda-ridgeline-crew-cab-pickup---short-bed/123?store={store_code}	GRAY	0 miles	Ridgeline	5FPYK3F56TB056944	2026	45645 USD	Honda	45645 USD	MI	no	New
5FPYK3F87TB059975	2026 Honda Ridgeline Black Edition	Honda	https://www.dahlhondaonalaska.com/viewdetails/new/5fpyk3f87tb059975/2026-honda-ridgeline-crew-cab-pickup---short-bed/	48990 USD	2026 Crystal Black Pearl Honda Ridgeline Black Edition For sale at Dahl Honda Onalaska in Onalaska Wisconsin.	https://prod.tvmimageservice.com/images/GetEvoxImage?styleid=480797&amp;Width=640&amp;Height=480&amp;Type=jpeg&amp;Angle=03&amp;quality=80&amp;BackGroundColor=white&amp;colorcode=BK&amp;autocrop=True&amp;useoverrides=true	in stock	NEW	TRUCK	Vehicles & Parts > Vehicles > Motor Vehicles > Cars, Trucks & Vans	5FPYK3F87TB059975	https://www.dahlhondaonalaska.com/viewdetails/new/5fpyk3f87tb059975/2026-honda-ridgeline-crew-cab-pickup---short-bed/123?store={store_code}	BLACK	0 miles	Ridgeline	5FPYK3F87TB059975	2026	48990 USD	Honda	48990 USD	MI	no	New
5J6RS4H78VL003559	2027 Honda CR-V EX-L	Honda	https://www.dahlhondaonalaska.com/viewdetails/new/5j6rs4h78vl003559/2027-honda-cr-v-sport-utility/	38850 USD	2027 Canyon River Blue Metallic Honda CR-V EX-L For sale at Dahl Honda Onalaska in Onalaska Wisconsin.	https://prod.tvmimageservice.com/images/GetEvoxImage?styleid=489810&amp;Width=640&amp;Height=480&amp;Type=jpeg&amp;Angle=03&amp;quality=80&amp;BackGroundColor=white&amp;colorcode=BU&amp;autocrop=True&amp;useoverrides=true	in stock	NEW	SUV	Vehicles & Parts > Vehicles > Motor Vehicles > Cars, Trucks & Vans	5J6RS4H78VL003559	https://www.dahlhondaonalaska.com/viewdetails/new/5j6rs4h78vl003559/2027-honda-cr-v-sport-utility/123?store={store_code}	BLUE	0 miles	CR-V	5J6RS4H78VL003559	2027	38850 USD	Honda	38850 USD	MI	no	New
7FARS6H84VE006850	2027 Honda CR-V Hybrid Sport-L	Honda	https://www.dahlhondaonalaska.com/viewdetails/new/7fars6h84ve006850/2027-honda-cr-v-hybrid-sport-utility/	42175 USD	2027 Meteorite Gray Metallic Honda CR-V Sport-L For sale at Dahl Honda Onalaska in Onalaska Wisconsin.	https://prod.tvmimageservice.com/images/GetEvoxImage?styleid=489804&amp;Width=640&amp;Height=480&amp;Type=jpeg&amp;Angle=03&amp;quality=80&amp;BackGroundColor=white&amp;colorcode=GC&amp;autocrop=True&amp;useoverrides=true	in stock	NEW	SUV	Vehicles & Parts > Vehicles > Motor Vehicles > Cars, Trucks & Vans	7FARS6H84VE006850	https://www.dahlhondaonalaska.com/viewdetails/new/7fars6h84ve006850/2027-honda-cr-v-hybrid-sport-utility/123?store={store_code}	GRAY	0 miles	CR-V	7FARS6H84VE006850	2027	42175 USD	Honda	42175 USD	MI	no	New
7FARS6H88VE007970	2027 Honda CR-V Hybrid Sport-L	Honda	https://www.dahlhondaonalaska.com/viewdetails/new/7fars6h88ve007970/2027-honda-cr-v-hybrid-sport-utility/	42175 USD	2027 Canyon River Blue Metallic Honda CR-V Sport-L For sale at Dahl Honda Onalaska in Onalaska Wisconsin.	https://prod.tvmimageservice.com/images/GetEvoxImage?styleid=489804&amp;Width=640&amp;Height=480&amp;Type=jpeg&amp;Angle=03&amp;quality=80&amp;BackGroundColor=white&amp;colorcode=BU&amp;autocrop=True&amp;useoverrides=true	in stock	NEW	SUV	Vehicles & Parts > Vehicles > Motor Vehicles > Cars, Trucks & Vans	7FARS6H88VE007970	https://www.dahlhondaonalaska.com/viewdetails/new/7fars6h88ve007970/2027-honda-cr-v-hybrid-sport-utility/123?store={store_code}	BLUE	0 miles	CR-V	7FARS6H88VE007970	2027	42175 USD	Honda	42175 USD	MI	no	New
19XFL2H81RE021418	2024 Honda Civic Hatchback Sport	Honda	https://www.dahlhondaonalaska.com/viewdetails/cpo/19xfl2h81re021418/2024-honda-civic-hatchback-/	27299 USD	2024 Lunar Silver Metallic Honda Civic Sport Regular Unleaded I-4 2.0 L/122 For sale at Dahl Honda Onalaska in Onalaska Wisconsin.	https://content.homenetiol.com/2000157/2065512/0x0/686cc9e5a274499ebcb49b0e342b6bbf.jpg	in stock	USED	OTHER	Vehicles & Parts > Vehicles > Motor Vehicles > Cars, Trucks & Vans	19XFL2H81RE021418	https://www.dahlhondaonalaska.com/viewdetails/cpo/19xfl2h81re021418/2024-honda-civic-hatchback-/123?store={store_code}	SILVER	51453 miles	Civic	19XFL2H81RE021418	2024	27299 USD	Honda	27299 USD	MI	yes	Certified
1HGCY1F33RA052955	2024 Honda Accord Sedan EX	Honda	https://www.dahlhondaonalaska.com/viewdetails/cpo/1hgcy1f33ra052955/2024-honda-accord-sedan-4dr-car/	27389 USD	2024 Canyon River Blue Metallic Honda Accord EX Intercooled Turbo Regular Unleaded I-4 1.5 L/91 For sale at Dahl Honda Onalaska in Onalaska Wisconsin.	https://content.homenetiol.com/2000157/2065512/0x0/a8a4941a8db648a78f8aa59dc5fb0832.jpg	in stock	USED	OTHER	Vehicles & Parts > Vehicles > Motor Vehicles > Cars, Trucks & Vans	1HGCY1F33RA052955	https://www.dahlhondaonalaska.com/viewdetails/cpo/1hgcy1f33ra052955/2024-honda-accord-sedan-4dr-car/123?store={store_code}	BLUE	20924 miles	Accord	1HGCY1F33RA052955	2024	27389 USD	Honda	27389 USD	MI	yes	Certified
2HGFE1E51SH474982	2025 Honda Civic Si SI	Honda	https://www.dahlhondaonalaska.com/viewdetails/cpo/2hgfe1e51sh474982/2025-honda-civic-si-4dr-car/	31389 USD	2025 Platinum White Pearl Honda Civic Si SI Intercooled Turbo Premium Gasoline I-4 1.5 L/91 For sale at Dahl Honda Onalaska in Onalaska Wisconsin.	https://content.homenetiol.com/2000157/2065512/0x0/0f8965a2023542b8a251ffd63d8fa144.jpg	in stock	USED	OTHER	Vehicles & Parts > Vehicles > Motor Vehicles > Cars, Trucks & Vans	2HGFE1E51SH474982	https://www.dahlhondaonalaska.com/viewdetails/cpo/2hgfe1e51sh474982/2025-honda-civic-si-4dr-car/123?store={store_code}	WHITE	16024 miles	Civic Si	2HGFE1E51SH474982	2025	31389 USD	Honda	31389 USD	MI	yes	Certified
2HKRW1H84NH404547	2022 Honda CR-V EX-L	Honda	https://www.dahlhondaonalaska.com/viewdetails/cpo/2hkrw1h84nh404547/2022-honda-cr-v-sport-utility/	27389 USD	2022 Platinum White Pearl Honda CR-V EX-L Intercooled Turbo Regular Unleaded I-4 1.5 L/91 For sale at Dahl Honda Onalaska in Onalaska Wisconsin.	https://content.homenetiol.com/2000157/2065512/0x0/6525ec06470f4127a575e63234bba654.jpg	in stock	USED	SUV	Vehicles & Parts > Vehicles > Motor Vehicles > Cars, Trucks & Vans	2HKRW1H84NH404547	https://www.dahlhondaonalaska.com/viewdetails/cpo/2hkrw1h84nh404547/2022-honda-cr-v-sport-utility/123?store={store_code}	WHITE	28541 miles	CR-V	2HKRW1H84NH404547	2022	27389 USD	Honda	27389 USD	MI	yes	Certified
5FNRL6H62SB058447	2025 Honda Odyssey EX-L	Honda	https://www.dahlhondaonalaska.com/viewdetails/cpo/5fnrl6h62sb058447/2025-honda-odyssey-mini-van,-passenger/	34189 USD	2025 Modern Steel Metallic Honda Odyssey EX-L Regular Gasoline V-6 3.5 L/212 For sale at Dahl Honda Onalaska in Onalaska Wisconsin.	https://content.homenetiol.com/2000157/2065512/0x0/e354b664122a487fa2b03bdeb7ea807d.jpg	in stock	USED	VAN	Vehicles & Parts > Vehicles > Motor Vehicles > Cars, Trucks & Vans	5FNRL6H62SB058447	https://www.dahlhondaonalaska.com/viewdetails/cpo/5fnrl6h62sb058447/2025-honda-odyssey-mini-van,-passenger/123?store={store_code}	GRAY	69492 miles	Odyssey	5FNRL6H62SB058447	2025	34189 USD	Honda	34189 USD	MI	yes	Certified
5FNRL6H63SB059199	2025 Honda Odyssey EX-L	Honda	https://www.dahlhondaonalaska.com/viewdetails/cpo/5fnrl6h63sb059199/2025-honda-odyssey-mini-van,-passenger/	36389 USD	2025 Smoke Blue Pearl Honda Odyssey EX-L Regular Gasoline V-6 3.5 L/212 For sale at Dahl Honda Onalaska in Onalaska Wisconsin.	https://content.homenetiol.com/2000157/2065512/0x0/55969d35a6984604939dfefc51e7e84e.jpg	in stock	USED	VAN	Vehicles & Parts > Vehicles > Motor Vehicles > Cars, Trucks & Vans	5FNRL6H63SB059199	https://www.dahlhondaonalaska.com/viewdetails/cpo/5fnrl6h63sb059199/2025-honda-odyssey-mini-van,-passenger/123?store={store_code}	GRAY	52510 miles	Odyssey	5FNRL6H63SB059199	2025	36389 USD	Honda	36389 USD	MI	yes	Certified
5FNRL6H67SB071372	2025 Honda Odyssey EX-L	Honda	https://www.dahlhondaonalaska.com/viewdetails/cpo/5fnrl6h67sb071372/2025-honda-odyssey-mini-van,-passenger/	37699 USD	2025 Smoke Blue Pearl Honda Odyssey EX-L Regular Gasoline V-6 3.5 L/212 For sale at Dahl Honda Onalaska in Onalaska Wisconsin.	https://content.homenetiol.com/2000157/2065512/0x0/aec71a3786da4203851b164223d60b20.jpg	in stock	USED	VAN	Vehicles & Parts > Vehicles > Motor Vehicles > Cars, Trucks & Vans	5FNRL6H67SB071372	https://www.dahlhondaonalaska.com/viewdetails/cpo/5fnrl6h67sb071372/2025-honda-odyssey-mini-van,-passenger/123?store={store_code}	GRAY	52084 miles	Odyssey	5FNRL6H67SB071372	2025	37699 USD	Honda	37699 USD	MI	yes	Certified
5FNYF6H50NB022433	2022 Honda Pilot EX-L	Honda	https://www.dahlhondaonalaska.com/viewdetails/cpo/5fnyf6h50nb022433/2022-honda-pilot-sport-utility/	19399 USD	2022 Modern Steel Metallic Honda Pilot EX-L Regular Gasoline V-6 3.5 L/212 For sale at Dahl Honda Onalaska in Onalaska Wisconsin.	https://content.homenetiol.com/2000157/2065512/0x0/62ad706b681446ab84dcd004f27cd397.jpg	in stock	USED	SUV	Vehicles & Parts > Vehicles > Motor Vehicles > Cars, Trucks & Vans	5FNYF6H50NB022433	https://www.dahlhondaonalaska.com/viewdetails/cpo/5fnyf6h50nb022433/2022-honda-pilot-sport-utility/123?store={store_code}	GRAY	124645 miles	Pilot	5FNYF6H50NB022433	2022	19399 USD	Honda	19399 USD	MI	yes	Certified
5FNYF8H57MB005929	2021 Honda Passport EX-L	Honda	https://www.dahlhondaonalaska.com/viewdetails/cpo/5fnyf8h57mb005929/2021-honda-passport-sport-utility/	24389 USD	2021 Lunar Silver Metallic Honda Passport EX-L Regular Unleaded V-6 3.5 L/212 For sale at Dahl Honda Onalaska in Onalaska Wisconsin.	https://content.homenetiol.com/2000157/2065512/0x0/2aea61fa5edf4416aa05de09fe65a21c.jpg	in stock	USED	SUV	Vehicles & Parts > Vehicles > Motor Vehicles > Cars, Trucks & Vans	5FNYF8H57MB005929	https://www.dahlhondaonalaska.com/viewdetails/cpo/5fnyf8h57mb005929/2021-honda-passport-sport-utility/123?store={store_code}	SILVER	93012 miles	Passport	5FNYF8H57MB005929	2021	24389 USD	Honda	24389 USD	MI	yes	Certified
5FNYG1H61SB009694	2025 Honda Pilot TrailSport	Honda	https://www.dahlhondaonalaska.com/viewdetails/cpo/5fnyg1h61sb009694/2025-honda-pilot-sport-utility/	43989 USD	2025 Diffused Sky Blue Pearl Honda Pilot TrailSport Regular Gasoline V-6 3.5 L/212 For sale at Dahl Honda Onalaska in Onalaska Wisconsin.	https://content.homenetiol.com/2000157/2065512/0x0/b572ec0f54f14d3a9d33155afcb0fee6.jpg	in stock	USED	SUV	Vehicles & Parts > Vehicles > Motor Vehicles > Cars, Trucks & Vans	5FNYG1H61SB009694	https://www.dahlhondaonalaska.com/viewdetails/cpo/5fnyg1h61sb009694/2025-honda-pilot-sport-utility/123?store={store_code}	BLUE	28522 miles	Pilot	5FNYG1H61SB009694	2025	43989 USD	Honda	43989 USD	MI	yes	Certified
5FPYK3F55TB020632	2026 Honda Ridgeline RTL	Honda	https://www.dahlhondaonalaska.com/viewdetails/cpo/5fpyk3f55tb020632/2026-honda-ridgeline-crew-cab-pickup/	38889 USD	2026 Solar Silver Metallic Honda Ridgeline RTL Regular Gasoline V-6 3.5 L/212 For sale at Dahl Honda Onalaska in Onalaska Wisconsin.	https://content.homenetiol.com/2000157/2065512/0x0/2616524252d2423a93b1188d07a1aebb.jpg	in stock	USED	TRUCK	Vehicles & Parts > Vehicles > Motor Vehicles > Cars, Trucks & Vans	5FPYK3F55TB020632	https://www.dahlhondaonalaska.com/viewdetails/cpo/5fpyk3f55tb020632/2026-honda-ridgeline-crew-cab-pickup/123?store={store_code}	SILVER	23665 miles	Ridgeline	5FPYK3F55TB020632	2026	38889 USD	Honda	38889 USD	MI	yes	Certified
5FPYK3F59PB050917	2023 Honda Ridgeline RTL	Honda	https://www.dahlhondaonalaska.com/viewdetails/cpo/5fpyk3f59pb050917/2023-honda-ridgeline-crew-cab-pickup/	34389 USD	2023 Crystal Black Pearl Honda Ridgeline RTL Regular Unleaded V-6 3.5 L/212 For sale at Dahl Honda Onalaska in Onalaska Wisconsin.	https://content.homenetiol.com/2000157/2065512/0x0/a4c11d03dd024338b33d9fe7b0ee4095.jpg	in stock	USED	TRUCK	Vehicles & Parts > Vehicles > Motor Vehicles > Cars, Trucks & Vans	5FPYK3F59PB050917	https://www.dahlhondaonalaska.com/viewdetails/cpo/5fpyk3f59pb050917/2023-honda-ridgeline-crew-cab-pickup/123?store={store_code}	BLACK	18834 miles	Ridgeline	5FPYK3F59PB050917	2023	34389 USD	Honda	34389 USD	MI	yes	Certified
5FPYK3F79KB033660	2019 Honda Ridgeline RTL-E	Honda	https://www.dahlhondaonalaska.com/viewdetails/cpo/5fpyk3f79kb033660/2019-honda-ridgeline-crew-cab-pickup/	22790 USD	2019 Crystal Black Pearl Honda Ridgeline RTL-E Regular Unleaded V-6 3.5 L/212 For sale at Dahl Honda Onalaska in Onalaska Wisconsin.	https://content.homenetiol.com/2000157/2065512/0x0/e65f07b4a45e442981a7c6cd009600b9.jpg	in stock	USED	TRUCK	Vehicles & Parts > Vehicles > Motor Vehicles > Cars, Trucks & Vans	5FPYK3F79KB033660	https://www.dahlhondaonalaska.com/viewdetails/cpo/5fpyk3f79kb033660/2019-honda-ridgeline-crew-cab-pickup/123?store={store_code}	BLACK	135660 miles	Ridgeline	5FPYK3F79KB033660	2019	22790 USD	Honda	22790 USD	MI	yes	Certified
5J6RS6H54RL033948	2024 Honda CR-V Hybrid Sport	Honda	https://www.dahlhondaonalaska.com/viewdetails/cpo/5j6rs6h54rl033948/2024-honda-cr-v-hybrid-sport-utility/	31389 USD	2024 Meteorite Gray Metallic Honda CR-V Sport Gas/Electric I-4 2.0 L/122 For sale at Dahl Honda Onalaska in Onalaska Wisconsin.	https://content.homenetiol.com/2000157/2065512/0x0/b8c3b76203aa4b65bb4566982d34ca87.jpg	in stock	USED	SUV	Vehicles & Parts > Vehicles > Motor Vehicles > Cars, Trucks & Vans	5J6RS6H54RL033948	https://www.dahlhondaonalaska.com/viewdetails/cpo/5j6rs6h54rl033948/2024-honda-cr-v-hybrid-sport-utility/123?store={store_code}	GRAY	61271 miles	CR-V	5J6RS6H54RL033948	2024	31389 USD	Honda	31389 USD	MI	yes	Certified
5J6RW2H53LL016014	2020 Honda CR-V EX	Honda	https://www.dahlhondaonalaska.com/viewdetails/cpo/5j6rw2h53ll016014/2020-honda-cr-v-sport-utility/	24399 USD	2020 Crystal Black Pearl Honda CR-V EX Intercooled Turbo Regular Unleaded I-4 1.5 L/91 For sale at Dahl Honda Onalaska in Onalaska Wisconsin.	https://content.homenetiol.com/2000157/2065512/0x0/1b538fb75ba44d7387c8fc80026a2a99.jpg	in stock	USED	SUV	Vehicles & Parts > Vehicles > Motor Vehicles > Cars, Trucks & Vans	5J6RW2H53LL016014	https://www.dahlhondaonalaska.com/viewdetails/cpo/5j6rw2h53ll016014/2020-honda-cr-v-sport-utility/123?store={store_code}	BLACK	68279 miles	CR-V	5J6RW2H53LL016014	2020	24399 USD	Honda	24399 USD	MI	yes	Certified
7FARS6H59RE011960	2024 Honda CR-V Hybrid Sport	Honda	https://www.dahlhondaonalaska.com/viewdetails/cpo/7fars6h59re011960/2024-honda-cr-v-hybrid-sport-utility/	34089 USD	2024 Urban Gray Pearl Honda CR-V Sport Gas/Electric I-4 2.0 L/122 For sale at Dahl Honda Onalaska in Onalaska Wisconsin.	https://content.homenetiol.com/2000157/2065512/0x0/37ac119e9cf34b2e81bfe8a0f5f2f9ea.jpg	in stock	USED	SUV	Vehicles & Parts > Vehicles > Motor Vehicles > Cars, Trucks & Vans	7FARS6H59RE011960	https://www.dahlhondaonalaska.com/viewdetails/cpo/7fars6h59re011960/2024-honda-cr-v-hybrid-sport-utility/123?store={store_code}	GRAY	45009 miles	CR-V	7FARS6H59RE011960	2024	34089 USD	Honda	34089 USD	MI	yes	Certified
1HGCY1F21TA075908	2026 Honda Accord Sedan LX	Honda	https://www.dahlhondaonalaska.com/viewdetails/new/1hgcy1f21ta075908/2026-honda-accord-sedan-4dr-car/	29590 USD	2026 Meteorite Gray Metallic Honda Accord LX Intercooled Turbo Regular Gasoline I-4 1.5 L/91 For sale at Dahl Honda Onalaska in Onalaska Wisconsin.	https://content.homenetiol.com/2000157/2065512/0x0/858c731069904ef7aa18494ae305e33c.jpg	in stock	NEW	OTHER	Vehicles & Parts > Vehicles > Motor Vehicles > Cars, Trucks & Vans	1HGCY1F21TA075908	https://www.dahlhondaonalaska.com/viewdetails/new/1hgcy1f21ta075908/2026-honda-accord-sedan-4dr-car/123?store={store_code}	GRAY	0 miles	Accord	1HGCY1F21TA075908	2026	29590 USD	Honda	29590 USD	MI	no	New
1HGCY1F26TA062149	2026 Honda Accord Sedan LX	Honda	https://www.dahlhondaonalaska.com/viewdetails/new/1hgcy1f26ta062149/2026-honda-accord-sedan-4dr-car/	29590 USD	2026 Meteorite Gray Metallic Honda Accord LX Intercooled Turbo Regular Gasoline I-4 1.5 L/91 For sale at Dahl Honda Onalaska in Onalaska Wisconsin.	https://content.homenetiol.com/2000157/2065512/0x0/c3d1697d56854f79a45572722ff0f0b0.jpg	in stock	NEW	OTHER	Vehicles & Parts > Vehicles > Motor Vehicles > Cars, Trucks & Vans	1HGCY1F26TA062149	https://www.dahlhondaonalaska.com/viewdetails/new/1hgcy1f26ta062149/2026-honda-accord-sedan-4dr-car/123?store={store_code}	GRAY	0 miles	Accord	1HGCY1F26TA062149	2026	29590 USD	Honda	29590 USD	MI	no	New
1HGCY1F2XTA032541	2026 Honda Accord Sedan LX	Honda	https://www.dahlhondaonalaska.com/viewdetails/new/1hgcy1f2xta032541/2026-honda-accord-sedan-4dr-car/	30045 USD	2026 Platinum White Pearl Honda Accord LX Intercooled Turbo Regular Gasoline I-4 1.5 L/91 For sale at Dahl Honda Onalaska in Onalaska Wisconsin.	https://content.homenetiol.com/2000157/2065512/0x0/9e3fba3759344fd9943d26ea091d1722.jpg	in stock	NEW	OTHER	Vehicles & Parts > Vehicles > Motor Vehicles > Cars, Trucks & Vans	1HGCY1F2XTA032541	https://www.dahlhondaonalaska.com/viewdetails/new/1hgcy1f2xta032541/2026-honda-accord-sedan-4dr-car/123?store={store_code}	WHITE	0 miles	Accord	1HGCY1F2XTA032541	2026	30045 USD	Honda	30045 USD	MI	no	New
1HGCY1F40TA074945	2026 Honda Accord Sedan SE	Honda	https://www.dahlhondaonalaska.com/viewdetails/new/1hgcy1f40ta074945/2026-honda-accord-sedan-4dr-car/	31890 USD	2026 Solar Silver Metallic Honda Accord SE Intercooled Turbo Regular Gasoline I-4 1.5 L/91 For sale at Dahl Honda Onalaska in Onalaska Wisconsin.	https://content.homenetiol.com/2000157/2065512/0x0/9fe76ea184df4e039f5cce7cfa554249.jpg	in stock	NEW	OTHER	Vehicles & Parts > Vehicles > Motor Vehicles > Cars, Trucks & Vans	1HGCY1F40TA074945	https://www.dahlhondaonalaska.com/viewdetails/new/1hgcy1f40ta074945/2026-honda-accord-sedan-4dr-car/123?store={store_code}	SILVER	0 miles	Accord	1HGCY1F40TA074945	2026	31890 USD	Honda	31890 USD	MI	no	New
1HGCY1F44TA063267	2026 Honda Accord Sedan SE	Honda	https://www.dahlhondaonalaska.com/viewdetails/new/1hgcy1f44ta063267/2026-honda-accord-sedan-4dr-car/	31890 USD	2026 Canyon River Blue Metallic Honda Accord SE Intercooled Turbo Regular Gasoline I-4 1.5 L/91 For sale at Dahl Honda Onalaska in Onalaska Wisconsin.	https://content.homenetiol.com/2000157/2065512/0x0/b83ecaee064a4715b8baf178fca7b375.jpg	in stock	NEW	OTHER	Vehicles & Parts > Vehicles > Motor Vehicles > Cars, Trucks & Vans	1HGCY1F44TA063267	https://www.dahlhondaonalaska.com/viewdetails/new/1hgcy1f44ta063267/2026-honda-accord-sedan-4dr-car/123?store={store_code}	BLUE	0 miles	Accord	1HGCY1F44TA063267	2026	31890 USD	Honda	31890 USD	MI	no	New
1HGCY2F60TA064892	2026 Honda Accord Hybrid EX-L	Honda	https://www.dahlhondaonalaska.com/viewdetails/new/1hgcy2f60ta064892/2026-honda-accord-hybrid-4dr-car/	36390 USD	2026 Meteorite Gray Metallic Honda Accord EX-L Gas/Electric I-4 2.0 L/122 For sale at Dahl Honda Onalaska in Onalaska Wisconsin.	https://content.homenetiol.com/2000157/2065512/0x0/58f878f6ba60453d985fef0faf8617fb.jpg	in stock	NEW	OTHER	Vehicles & Parts > Vehicles > Motor Vehicles > Cars, Trucks & Vans	1HGCY2F60TA064892	https://www.dahlhondaonalaska.com/viewdetails/new/1hgcy2f60ta064892/2026-honda-accord-hybrid-4dr-car/123?store={store_code}	GRAY	0 miles	Accord	1HGCY2F60TA064892	2026	36390 USD	Honda	36390 USD	MI	no	New
1HGCY2F88TA004294	2026 Honda Accord Hybrid Touring	Honda	https://www.dahlhondaonalaska.com/viewdetails/new/1hgcy2f88ta004294/2026-honda-accord-hybrid-4dr-car/	41145 USD	2026 Platinum White Pearl Honda Accord Touring Gas/Electric I-4 2.0 L/122 For sale at Dahl Honda Onalaska in Onalaska Wisconsin.	https://content.homenetiol.com/2000157/2065512/0x0/3d86889267dc4eb1894315a8bedbec4d.jpg	in stock	NEW	OTHER	Vehicles & Parts > Vehicles > Motor Vehicles > Cars, Trucks & Vans	1HGCY2F88TA004294	https://www.dahlhondaonalaska.com/viewdetails/new/1hgcy2f88ta004294/2026-honda-accord-hybrid-4dr-car/123?store={store_code}	WHITE	0 miles	Accord	1HGCY2F88TA004294	2026	41145 USD	Honda	41145 USD	MI	no	New
2HGFE2F54TH614819	2026 Honda Civic Sedan Sport	Honda	https://www.dahlhondaonalaska.com/viewdetails/new/2hgfe2f54th614819/2026-honda-civic-sedan-4dr-car/	28345 USD	2026 Platinum White Pearl Honda Civic Sport Regular Gasoline I-4 2.0 L/122 For sale at Dahl Honda Onalaska in Onalaska Wisconsin.	https://prod.tvmimageservice.com/images/GetEvoxImage?styleid=477116&amp;Width=640&amp;Height=480&amp;Type=jpeg&amp;Angle=03&amp;quality=80&amp;BackGroundColor=white&amp;colorcode=WX&amp;autocrop=True&amp;useoverrides=true	in stock	NEW	OTHER	Vehicles & Parts > Vehicles > Motor Vehicles > Cars, Trucks & Vans	2HGFE2F54TH614819	https://www.dahlhondaonalaska.com/viewdetails/new/2hgfe2f54th614819/2026-honda-civic-sedan-4dr-car/123?store={store_code}	WHITE	0 miles	Civic	2HGFE2F54TH614819	2026	28345 USD	Honda	28345 USD	MI	no	New
2HKRS4H22TH514681	2026 Honda CR-V LX	Honda	https://www.dahlhondaonalaska.com/viewdetails/new/2hkrs4h22th514681/2026-honda-cr-v-sport-utility/	33870 USD	2026 Solar Silver Metallic Honda CR-V LX Intercooled Turbo Regular Gasoline I-4 1.5 L/91 For sale at Dahl Honda Onalaska in Onalaska Wisconsin.	https://content.homenetiol.com/2000157/2065512/0x0/23915a21a9624b8d8c0aa7533ae56389.jpg	in stock	NEW	SUV	Vehicles & Parts > Vehicles > Motor Vehicles > Cars, Trucks & Vans	2HKRS4H22TH514681	https://www.dahlhondaonalaska.com/viewdetails/new/2hkrs4h22th514681/2026-honda-cr-v-sport-utility/123?store={store_code}	SILVER	0 miles	CR-V	2HKRS4H22TH514681	2026	33870 USD	Honda	33870 USD	MI	no	New
3CZRZ2H30VM739391	2027 Honda HR-V LX	Honda	https://www.dahlhondaonalaska.com/viewdetails/new/3czrz2h30vm739391/2027-honda-hr-v-sport-utility/	30005 USD	2027 Platinum White Pearl Honda HR-V LX Regular Gasoline I-4 2.0 L/122 For sale at Dahl Honda Onalaska in Onalaska Wisconsin.	https://prod.tvmimageservice.com/images/GetEvoxImage?styleid=484882&amp;Width=640&amp;Height=480&amp;Type=jpeg&amp;Angle=03&amp;quality=80&amp;BackGroundColor=white&amp;colorcode=WY&amp;autocrop=True&amp;useoverrides=true	in stock	NEW	SUV	Vehicles & Parts > Vehicles > Motor Vehicles > Cars, Trucks & Vans	3CZRZ2H30VM739391	https://www.dahlhondaonalaska.com/viewdetails/new/3czrz2h30vm739391/2027-honda-hr-v-sport-utility/123?store={store_code}	WHITE	0 miles	HR-V	3CZRZ2H30VM739391	2027	30005 USD	Honda	30005 USD	MI	no	New
3CZRZ2H50VM733849	2027 Honda HR-V Sport	Honda	https://www.dahlhondaonalaska.com/viewdetails/new/3czrz2h50vm733849/2027-honda-hr-v-sport-utility/	31805 USD	2027 Urban Gray Pearl Honda HR-V Sport Regular Gasoline I-4 2.0 L/122 For sale at Dahl Honda Onalaska in Onalaska Wisconsin.	https://content.homenetiol.com/2000157/2065512/0x0/ce6e46808f844414801488b328968e87.jpg	in stock	NEW	SUV	Vehicles & Parts > Vehicles > Motor Vehicles > Cars, Trucks & Vans	3CZRZ2H50VM733849	https://www.dahlhondaonalaska.com/viewdetails/new/3czrz2h50vm733849/2027-honda-hr-v-sport-utility/123?store={store_code}	GRAY	0 miles	HR-V	3CZRZ2H50VM733849	2027	31805 USD	Honda	31805 USD	MI	no	New
3CZRZ2H58VM738877	2027 Honda HR-V Sport	Honda	https://www.dahlhondaonalaska.com/viewdetails/new/3czrz2h58vm738877/2027-honda-hr-v-sport-utility/	31805 USD	2027 Nordic Forest Pearl Honda HR-V Sport Regular Gasoline I-4 2.0 L/122 For sale at Dahl Honda Onalaska in Onalaska Wisconsin.	https://prod.tvmimageservice.com/images/GetEvoxImage?styleid=484883&amp;Width=640&amp;Height=480&amp;Type=jpeg&amp;Angle=03&amp;quality=80&amp;BackGroundColor=white&amp;colorcode=GN&amp;autocrop=True&amp;useoverrides=true	in stock	NEW	SUV	Vehicles & Parts > Vehicles > Motor Vehicles > Cars, Trucks & Vans	3CZRZ2H58VM738877	https://www.dahlhondaonalaska.com/viewdetails/new/3czrz2h58vm738877/2027-honda-hr-v-sport-utility/123?store={store_code}	GREEN	0 miles	HR-V	3CZRZ2H58VM738877	2027	31805 USD	Honda	31805 USD	MI	no	New
3CZRZ2H71VM733702	2027 Honda HR-V EX-L	Honda	https://www.dahlhondaonalaska.com/viewdetails/new/3czrz2h71vm733702/2027-honda-hr-v-sport-utility/	33400 USD	2027 Solar Silver Metallic Honda HR-V EX-L Regular Gasoline I-4 2.0 L/122 For sale at Dahl Honda Onalaska in Onalaska Wisconsin.	https://content.homenetiol.com/2000157/2065512/0x0/73c507559d0f4ab08ce13e8a93cfd5d9.jpg	in stock	NEW	SUV	Vehicles & Parts > Vehicles > Motor Vehicles > Cars, Trucks & Vans	3CZRZ2H71VM733702	https://www.dahlhondaonalaska.com/viewdetails/new/3czrz2h71vm733702/2027-honda-hr-v-sport-utility/123?store={store_code}	SILVER	0 miles	HR-V	3CZRZ2H71VM733702	2027	33400 USD	Honda	33400 USD	MI	no	New
3CZRZ2H78VM727931	2027 Honda HR-V EX-L	Honda	https://www.dahlhondaonalaska.com/viewdetails/new/3czrz2h78vm727931/2027-honda-hr-v-sport-utility/	33855 USD	2027 Nordic Forest Pearl Honda HR-V EX-L Regular Gasoline I-4 2.0 L/122 For sale at Dahl Honda Onalaska in Onalaska Wisconsin.	https://content.homenetiol.com/2000157/2065512/0x0/1f617a21c9a84f31b5d0da778accf0e6.jpg	in stock	NEW	SUV	Vehicles & Parts > Vehicles > Motor Vehicles > Cars, Trucks & Vans	3CZRZ2H78VM727931	https://www.dahlhondaonalaska.com/viewdetails/new/3czrz2h78vm727931/2027-honda-hr-v-sport-utility/123?store={store_code}	GREEN	0 miles	HR-V	3CZRZ2H78VM727931	2027	33855 USD	Honda	33855 USD	MI	no	New
5FNRL6H64TB084498	2026 Honda Odyssey EX-L	Honda	https://www.dahlhondaonalaska.com/viewdetails/new/5fnrl6h64tb084498/2026-honda-odyssey-mini-van,-passenger/	44745 USD	2026 Radiant Red Metallic II Honda Odyssey EX-L Regular Gasoline V-6 3.5 L/212 For sale at Dahl Honda Onalaska in Onalaska Wisconsin.	https://content.homenetiol.com/2000157/2065512/0x0/733262e06c8648d8bfc7eb5bcab7051f.jpg	in stock	NEW	VAN	Vehicles & Parts > Vehicles > Motor Vehicles > Cars, Trucks & Vans	5FNRL6H64TB084498	https://www.dahlhondaonalaska.com/viewdetails/new/5fnrl6h64tb084498/2026-honda-odyssey-mini-van,-passenger/123?store={store_code}	RED	0 miles	Odyssey	5FNRL6H64TB084498	2026	44745 USD	Honda	44745 USD	MI	no	New
5FNRL6H64VB003051	2027 Honda Odyssey EX-L	Honda	https://www.dahlhondaonalaska.com/viewdetails/new/5fnrl6h64vb003051/2027-honda-odyssey-mini-van,-passenger/	45145 USD	2027 Radiant Red Metallic II Honda Odyssey EX-L Regular Gasoline V-6 3.5 L/212 For sale at Dahl Honda Onalaska in Onalaska Wisconsin.	https://content.homenetiol.com/2000157/2065512/0x0/f45f109176754eb6bc4c9cf517dd8fa7.jpg	in stock	NEW	VAN	Vehicles & Parts > Vehicles > Motor Vehicles > Cars, Trucks & Vans	5FNRL6H64VB003051	https://www.dahlhondaonalaska.com/viewdetails/new/5fnrl6h64vb003051/2027-honda-odyssey-mini-van,-passenger/123?store={store_code}	RED	0 miles	Odyssey	5FNRL6H64VB003051	2027	45145 USD	Honda	45145 USD	MI	no	New
5FNRL6H68TB087677	2026 Honda Odyssey EX-L	Honda	https://www.dahlhondaonalaska.com/viewdetails/new/5fnrl6h68tb087677/2026-honda-odyssey-mini-van,-passenger/	44745 USD	2026 Radiant Red Metallic II Honda Odyssey EX-L Regular Gasoline V-6 3.5 L/212 For sale at Dahl Honda Onalaska in Onalaska Wisconsin.	https://content.homenetiol.com/2000157/2065512/0x0/5cfaac5d87b14a6496feb211417f2a34.jpg	in stock	NEW	VAN	Vehicles & Parts > Vehicles > Motor Vehicles > Cars, Trucks & Vans	5FNRL6H68TB087677	https://www.dahlhondaonalaska.com/viewdetails/new/5fnrl6h68tb087677/2026-honda-odyssey-mini-van,-passenger/123?store={store_code}	RED	0 miles	Odyssey	5FNRL6H68TB087677	2026	44745 USD	Honda	44745 USD	MI	no	New
5FNRL6H73TB067717	2026 Honda Odyssey Sport-L	Honda	https://www.dahlhondaonalaska.com/viewdetails/new/5fnrl6h73tb067717/2026-honda-odyssey-mini-van,-passenger/	46420 USD	2026 Crystal Black Pearl Honda Odyssey Sport-L Regular Gasoline V-6 3.5 L/212 For sale at Dahl Honda Onalaska in Onalaska Wisconsin.	https://content.homenetiol.com/2000157/2065512/0x0/70c35173f2fd4669b47576981b6e26b7.jpg	in stock	NEW	VAN	Vehicles & Parts > Vehicles > Motor Vehicles > Cars, Trucks & Vans	5FNRL6H73TB067717	https://www.dahlhondaonalaska.com/viewdetails/new/5fnrl6h73tb067717/2026-honda-odyssey-mini-van,-passenger/123?store={store_code}	BLACK	0 miles	Odyssey	5FNRL6H73TB067717	2026	46420 USD	Honda	46420 USD	MI	no	New
5FNRL6H73TB081651	2026 Honda Odyssey Sport-L	Honda	https://www.dahlhondaonalaska.com/viewdetails/new/5fnrl6h73tb081651/2026-honda-odyssey-mini-van,-passenger/	45845 USD	2026 Radiant Red Metallic II Honda Odyssey Sport-L Regular Gasoline V-6 3.5 L/212 For sale at Dahl Honda Onalaska in Onalaska Wisconsin.	https://content.homenetiol.com/2000157/2065512/0x0/f572c1f9d54847f7843a22c8692e37d3.jpg	in stock	NEW	VAN	Vehicles & Parts > Vehicles > Motor Vehicles > Cars, Trucks & Vans	5FNRL6H73TB081651	https://www.dahlhondaonalaska.com/viewdetails/new/5fnrl6h73tb081651/2026-honda-odyssey-mini-van,-passenger/123?store={store_code}	RED	0 miles	Odyssey	5FNRL6H73TB081651	2026	45845 USD	Honda	45845 USD	MI	no	New
5FNRL6H96TB088241	2026 Honda Odyssey Elite	Honda	https://www.dahlhondaonalaska.com/viewdetails/new/5fnrl6h96tb088241/2026-honda-odyssey-mini-van,-passenger/	53190 USD	2026 Solar Silver Metallic Honda Odyssey Elite Regular Gasoline V-6 3.5 L/212 For sale at Dahl Honda Onalaska in Onalaska Wisconsin.	https://content.homenetiol.com/2000157/2065512/0x0/652fb102ebc7409e93e80bdf70d62ad8.jpg	in stock	NEW	VAN	Vehicles & Parts > Vehicles > Motor Vehicles > Cars, Trucks & Vans	5FNRL6H96TB088241	https://www.dahlhondaonalaska.com/viewdetails/new/5fnrl6h96tb088241/2026-honda-odyssey-mini-van,-passenger/123?store={store_code}	SILVER	0 miles	Odyssey	5FNRL6H96TB088241	2026	53190 USD	Honda	53190 USD	MI	no	New
5FNYG1H40TB057624	2026 Honda Pilot EX-L	Honda	https://www.dahlhondaonalaska.com/viewdetails/new/5fnyg1h40tb057624/2026-honda-pilot-sport-utility/	48745 USD	2026 Sonic Gray Pearl Honda Pilot EX-L Regular Gasoline V-6 3.5 L/212 For sale at Dahl Honda Onalaska in Onalaska Wisconsin.	https://content.homenetiol.com/2000157/2065512/0x0/4ffd9e15721e4acd895c1e7f21111ddc.jpg	in stock	NEW	SUV	Vehicles & Parts > Vehicles > Motor Vehicles > Cars, Trucks & Vans	5FNYG1H40TB057624	https://www.dahlhondaonalaska.com/viewdetails/new/5fnyg1h40tb057624/2026-honda-pilot-sport-utility/123?store={store_code}	GRAY	0 miles	Pilot	5FNYG1H40TB057624	2026	48745 USD	Honda	48745 USD	MI	no	New
5FNYG1H63TB066092	2026 Honda Pilot TrailSport	Honda	https://www.dahlhondaonalaska.com/viewdetails/new/5fnyg1h63tb066092/2026-honda-pilot-sport-utility/	53045 USD	2026 Ash Green Metallic Honda Pilot TrailSport Regular Gasoline V-6 3.5 L/212 For sale at Dahl Honda Onalaska in Onalaska Wisconsin.	https://prod.tvmimageservice.com/images/GetEvoxImage?styleid=482801&amp;Width=640&amp;Height=480&amp;Type=jpeg&amp;Angle=03&amp;quality=80&amp;BackGroundColor=white&amp;colorcode=GP&amp;autocrop=True&amp;useoverrides=true	in stock	NEW	SUV	Vehicles & Parts > Vehicles > Motor Vehicles > Cars, Trucks & Vans	5FNYG1H63TB066092	https://www.dahlhondaonalaska.com/viewdetails/new/5fnyg1h63tb066092/2026-honda-pilot-sport-utility/123?store={store_code}	GRAY	0 miles	Pilot	5FNYG1H63TB066092	2026	53045 USD	Honda	53045 USD	MI	no	New
5FPYK3F50TB051691	2026 Honda Ridgeline RTL	Honda	https://www.dahlhondaonalaska.com/viewdetails/new/5fpyk3f50tb051691/2026-honda-ridgeline-crew-cab-pickup/	45545 USD	2026 Sonic Gray Pearl Honda Ridgeline RTL Regular Gasoline V-6 3.5 L/212 For sale at Dahl Honda Onalaska in Onalaska Wisconsin.	https://content.homenetiol.com/2000157/2065512/0x0/7a61cbd2a54b455ca33c160390f7a59c.jpg	in stock	NEW	TRUCK	Vehicles & Parts > Vehicles > Motor Vehicles > Cars, Trucks & Vans	5FPYK3F50TB051691	https://www.dahlhondaonalaska.com/viewdetails/new/5fpyk3f50tb051691/2026-honda-ridgeline-crew-cab-pickup/123?store={store_code}	GRAY	0 miles	Ridgeline	5FPYK3F50TB051691	2026	45545 USD	Honda	45545 USD	MI	no	New
5FPYK3F51TB031918	2026 Honda Ridgeline RTL	Honda	https://www.dahlhondaonalaska.com/viewdetails/new/5fpyk3f51tb031918/2026-honda-ridgeline-crew-cab-pickup/	45545 USD	2026 Sonic Gray Pearl Honda Ridgeline RTL Regular Gasoline V-6 3.5 L/212 For sale at Dahl Honda Onalaska in Onalaska Wisconsin.	https://content.homenetiol.com/2000157/2065512/0x0/6fca907cb85044639a158d689764a424.jpg	in stock	NEW	TRUCK	Vehicles & Parts > Vehicles > Motor Vehicles > Cars, Trucks & Vans	5FPYK3F51TB031918	https://www.dahlhondaonalaska.com/viewdetails/new/5fpyk3f51tb031918/2026-honda-ridgeline-crew-cab-pickup/123?store={store_code}	GRAY	0 miles	Ridgeline	5FPYK3F51TB031918	2026	45545 USD	Honda	45545 USD	MI	no	New
5FPYK3F51TB055331	2026 Honda Ridgeline RTL	Honda	https://www.dahlhondaonalaska.com/viewdetails/new/5fpyk3f51tb055331/2026-honda-ridgeline-crew-cab-pickup/	45545 USD	2026 Radiant Red Metallic II Honda Ridgeline RTL Regular Gasoline V-6 3.5 L/212 For sale at Dahl Honda Onalaska in Onalaska Wisconsin.	https://prod.tvmimageservice.com/images/GetEvoxImage?styleid=480794&amp;Width=640&amp;Height=480&amp;Type=jpeg&amp;Angle=03&amp;quality=80&amp;BackGroundColor=white&amp;colorcode=RM&amp;autocrop=True&amp;useoverrides=true	in stock	NEW	TRUCK	Vehicles & Parts > Vehicles > Motor Vehicles > Cars, Trucks & Vans	5FPYK3F51TB055331	https://www.dahlhondaonalaska.com/viewdetails/new/5fpyk3f51tb055331/2026-honda-ridgeline-crew-cab-pickup/123?store={store_code}	RED	0 miles	Ridgeline	5FPYK3F51TB055331	2026	45545 USD	Honda	45545 USD	MI	no	New
5FPYK3F55TB036202	2026 Honda Ridgeline RTL	Honda	https://www.dahlhondaonalaska.com/viewdetails/new/5fpyk3f55tb036202/2026-honda-ridgeline-crew-cab-pickup/	45545 USD	2026 Sonic Gray Pearl Honda Ridgeline RTL Regular Gasoline V-6 3.5 L/212 For sale at Dahl Honda Onalaska in Onalaska Wisconsin.	https://content.homenetiol.com/2000157/2065512/0x0/e4ce42c5747a4dad8f1d53af511292f3.jpg	in stock	NEW	TRUCK	Vehicles & Parts > Vehicles > Motor Vehicles > Cars, Trucks & Vans	5FPYK3F55TB036202	https://www.dahlhondaonalaska.com/viewdetails/new/5fpyk3f55tb036202/2026-honda-ridgeline-crew-cab-pickup/123?store={store_code}	GRAY	0 miles	Ridgeline	5FPYK3F55TB036202	2026	45545 USD	Honda	45545 USD	MI	no	New
5FPYK3F55TB054053	2026 Honda Ridgeline RTL	Honda	https://www.dahlhondaonalaska.com/viewdetails/new/5fpyk3f55tb054053/2026-honda-ridgeline-crew-cab-pickup/	45545 USD	2026 Radiant Red Metallic II Honda Ridgeline RTL Regular Gasoline V-6 3.5 L/212 For sale at Dahl Honda Onalaska in Onalaska Wisconsin.	https://content.homenetiol.com/2000157/2065512/0x0/7aaff2c11f26436cb8ae01828e82787e.jpg	in stock	NEW	TRUCK	Vehicles & Parts > Vehicles > Motor Vehicles > Cars, Trucks & Vans	5FPYK3F55TB054053	https://www.dahlhondaonalaska.com/viewdetails/new/5fpyk3f55tb054053/2026-honda-ridgeline-crew-cab-pickup/123?store={store_code}	RED	0 miles	Ridgeline	5FPYK3F55TB054053	2026	45545 USD	Honda	45545 USD	MI	no	New
5FPYK3F56TB035169	2026 Honda Ridgeline RTL	Honda	https://www.dahlhondaonalaska.com/viewdetails/new/5fpyk3f56tb035169/2026-honda-ridgeline-crew-cab-pickup/	46595 USD	2026 Platinum White Pearl Honda Ridgeline RTL Regular Gasoline V-6 3.5 L/212 For sale at Dahl Honda Onalaska in Onalaska Wisconsin.	https://content.homenetiol.com/2000157/2065512/0x0/dbb5c2b1535c4b57ade3c10a5b4e5109.jpg	in stock	NEW	TRUCK	Vehicles & Parts > Vehicles > Motor Vehicles > Cars, Trucks & Vans	5FPYK3F56TB035169	https://www.dahlhondaonalaska.com/viewdetails/new/5fpyk3f56tb035169/2026-honda-ridgeline-crew-cab-pickup/123?store={store_code}	WHITE	0 miles	Ridgeline	5FPYK3F56TB035169	2026	46595 USD	Honda	46595 USD	MI	no	New
5FPYK3F56TB042980	2026 Honda Ridgeline RTL	Honda	https://www.dahlhondaonalaska.com/viewdetails/new/5fpyk3f56tb042980/2026-honda-ridgeline-crew-cab-pickup/	45795 USD	2026 Sonic Gray Pearl Honda Ridgeline RTL Regular Gasoline V-6 3.5 L/212 For sale at Dahl Honda Onalaska in Onalaska Wisconsin.	https://content.homenetiol.com/2000157/2065512/0x0/b11256c941dc408890768c0593458225.jpg	in stock	NEW	TRUCK	Vehicles & Parts > Vehicles > Motor Vehicles > Cars, Trucks & Vans	5FPYK3F56TB042980	https://www.dahlhondaonalaska.com/viewdetails/new/5fpyk3f56tb042980/2026-honda-ridgeline-crew-cab-pickup/123?store={store_code}	GRAY	0 miles	Ridgeline	5FPYK3F56TB042980	2026	45795 USD	Honda	45795 USD	MI	no	New
5FPYK3F59TB021220	2026 Honda Ridgeline RTL	Honda	https://www.dahlhondaonalaska.com/viewdetails/new/5fpyk3f59tb021220/2026-honda-ridgeline-crew-cab-pickup/	45545 USD	2026 Sonic Gray Pearl Honda Ridgeline RTL Regular Gasoline V-6 3.5 L/212 For sale at Dahl Honda Onalaska in Onalaska Wisconsin.	https://content.homenetiol.com/2000157/2065512/0x0/04ed39e70c324ee6b780d477091ba786.jpg	in stock	NEW	TRUCK	Vehicles & Parts > Vehicles > Motor Vehicles > Cars, Trucks & Vans	5FPYK3F59TB021220	https://www.dahlhondaonalaska.com/viewdetails/new/5fpyk3f59tb021220/2026-honda-ridgeline-crew-cab-pickup/123?store={store_code}	GRAY	0 miles	Ridgeline	5FPYK3F59TB021220	2026	45545 USD	Honda	45545 USD	MI	no	New
5FPYK3F59TB037188	2026 Honda Ridgeline RTL	Honda	https://www.dahlhondaonalaska.com/viewdetails/new/5fpyk3f59tb037188/2026-honda-ridgeline-crew-cab-pickup/	45795 USD	2026 Sonic Gray Pearl Honda Ridgeline RTL Regular Gasoline V-6 3.5 L/212 For sale at Dahl Honda Onalaska in Onalaska Wisconsin.	https://content.homenetiol.com/2000157/2065512/0x0/856aa631f3584c8088dc081bdd6daf5e.jpg	in stock	NEW	TRUCK	Vehicles & Parts > Vehicles > Motor Vehicles > Cars, Trucks & Vans	5FPYK3F59TB037188	https://www.dahlhondaonalaska.com/viewdetails/new/5fpyk3f59tb037188/2026-honda-ridgeline-crew-cab-pickup/123?store={store_code}	GRAY	0 miles	Ridgeline	5FPYK3F59TB037188	2026	45795 USD	Honda	45795 USD	MI	no	New
5FPYK3F80TB045061	2026 Honda Ridgeline Black Edition	Honda	https://www.dahlhondaonalaska.com/viewdetails/new/5fpyk3f80tb045061/2026-honda-ridgeline-crew-cab-pickup/	48890 USD	2026 Crystal Black Pearl Honda Ridgeline Black Edition Regular Gasoline V-6 3.5 L/212 For sale at Dahl Honda Onalaska in Onalaska Wisconsin.	https://content.homenetiol.com/2000157/2065512/0x0/2e9fa911071041a7a7f7c8d98ad2ffb5.jpg	in stock	NEW	TRUCK	Vehicles & Parts > Vehicles > Motor Vehicles > Cars, Trucks & Vans	5FPYK3F80TB045061	https://www.dahlhondaonalaska.com/viewdetails/new/5fpyk3f80tb045061/2026-honda-ridgeline-crew-cab-pickup/123?store={store_code}	BLACK	0 miles	Ridgeline	5FPYK3F80TB045061	2026	48890 USD	Honda	48890 USD	MI	no	New
5FPYK3F80TB052074	2026 Honda Ridgeline Black Edition	Honda	https://www.dahlhondaonalaska.com/viewdetails/new/5fpyk3f80tb052074/2026-honda-ridgeline-crew-cab-pickup/	48890 USD	2026 Crystal Black Pearl Honda Ridgeline Black Edition Regular Gasoline V-6 3.5 L/212 For sale at Dahl Honda Onalaska in Onalaska Wisconsin.	https://content.homenetiol.com/2000157/2065512/0x0/de7df4e4a88d428dbd996f780ed414cc.jpg	in stock	NEW	TRUCK	Vehicles & Parts > Vehicles > Motor Vehicles > Cars, Trucks & Vans	5FPYK3F80TB052074	https://www.dahlhondaonalaska.com/viewdetails/new/5fpyk3f80tb052074/2026-honda-ridgeline-crew-cab-pickup/123?store={store_code}	BLACK	0 miles	Ridgeline	5FPYK3F80TB052074	2026	48890 USD	Honda	48890 USD	MI	no	New
5FPYK3F88TB037581	2026 Honda Ridgeline Black Edition	Honda	https://www.dahlhondaonalaska.com/viewdetails/new/5fpyk3f88tb037581/2026-honda-ridgeline-crew-cab-pickup/	49345 USD	2026 Platinum White Pearl Honda Ridgeline Black Edition Regular Gasoline V-6 3.5 L/212 For sale at Dahl Honda Onalaska in Onalaska Wisconsin.	https://content.homenetiol.com/2000157/2065512/0x0/16ddf4f25ffc4b918ce14bb848ab00d0.jpg	in stock	NEW	TRUCK	Vehicles & Parts > Vehicles > Motor Vehicles > Cars, Trucks & Vans	5FPYK3F88TB037581	https://www.dahlhondaonalaska.com/viewdetails/new/5fpyk3f88tb037581/2026-honda-ridgeline-crew-cab-pickup/123?store={store_code}	WHITE	0 miles	Ridgeline	5FPYK3F88TB037581	2026	49345 USD	Honda	49345 USD	MI	no	New
5FPYK3F88TB054493	2026 Honda Ridgeline Black Edition	Honda	https://www.dahlhondaonalaska.com/viewdetails/new/5fpyk3f88tb054493/2026-honda-ridgeline-crew-cab-pickup/	49345 USD	2026 Platinum White Pearl Honda Ridgeline Black Edition Regular Gasoline V-6 3.5 L/212 For sale at Dahl Honda Onalaska in Onalaska Wisconsin.	https://prod.tvmimageservice.com/images/GetEvoxImage?styleid=480797&amp;Width=640&amp;Height=480&amp;Type=jpeg&amp;Angle=03&amp;quality=80&amp;BackGroundColor=white&amp;colorcode=WX&amp;autocrop=True&amp;useoverrides=true	in stock	NEW	TRUCK	Vehicles & Parts > Vehicles > Motor Vehicles > Cars, Trucks & Vans	5FPYK3F88TB054493	https://www.dahlhondaonalaska.com/viewdetails/new/5fpyk3f88tb054493/2026-honda-ridgeline-crew-cab-pickup/123?store={store_code}	WHITE	0 miles	Ridgeline	5FPYK3F88TB054493	2026	49345 USD	Honda	49345 USD	MI	no	New
5J6RS4H25TL019512	2026 Honda CR-V LX	Honda	https://www.dahlhondaonalaska.com/viewdetails/new/5j6rs4h25tl019512/2026-honda-cr-v-sport-utility/	33870 USD	2026 Solar Silver Metallic Honda CR-V LX Intercooled Turbo Regular Gasoline I-4 1.5 L/91 For sale at Dahl Honda Onalaska in Onalaska Wisconsin.	https://content.homenetiol.com/2000157/2065512/0x0/b53e53b9a8154907a82143fd7b7c27f2.jpg	in stock	NEW	SUV	Vehicles & Parts > Vehicles > Motor Vehicles > Cars, Trucks & Vans	5J6RS4H25TL019512	https://www.dahlhondaonalaska.com/viewdetails/new/5j6rs4h25tl019512/2026-honda-cr-v-sport-utility/123?store={store_code}	SILVER	0 miles	CR-V	5J6RS4H25TL019512	2026	33870 USD	Honda	33870 USD	MI	no	New
5J6RS4H28VL002142	2027 Honda CR-V LX	Honda	https://www.dahlhondaonalaska.com/viewdetails/new/5j6rs4h28vl002142/2027-honda-cr-v-sport-utility/	34570 USD	2027 Meteorite Gray Metallic Honda CR-V LX Intercooled Turbo Regular Gasoline I-4 1.5 L/91 For sale at Dahl Honda Onalaska in Onalaska Wisconsin.	https://content.homenetiol.com/2000157/2065512/0x0/0eff61831dcd4a42aecc64b752684fb5.jpg	in stock	NEW	SUV	Vehicles & Parts > Vehicles > Motor Vehicles > Cars, Trucks & Vans	5J6RS4H28VL002142	https://www.dahlhondaonalaska.com/viewdetails/new/5j6rs4h28vl002142/2027-honda-cr-v-sport-utility/123?store={store_code}	GRAY	0 miles	CR-V	5J6RS4H28VL002142	2027	34570 USD	Honda	34570 USD	MI	no	New
5J6RS4H41VL001058	2027 Honda CR-V EX	Honda	https://www.dahlhondaonalaska.com/viewdetails/new/5j6rs4h41vl001058/2027-honda-cr-v-sport-utility/	36500 USD	2027 Crystal Black Pearl Honda CR-V EX Intercooled Turbo Regular Gasoline I-4 1.5 L/91 For sale at Dahl Honda Onalaska in Onalaska Wisconsin.	https://content.homenetiol.com/2000157/2065512/0x0/1b069bb9e0aa4819bc2c9de9bdf59e18.jpg	in stock	NEW	SUV	Vehicles & Parts > Vehicles > Motor Vehicles > Cars, Trucks & Vans	5J6RS4H41VL001058	https://www.dahlhondaonalaska.com/viewdetails/new/5j6rs4h41vl001058/2027-honda-cr-v-sport-utility/123?store={store_code}	BLACK	0 miles	CR-V	5J6RS4H41VL001058	2027	36500 USD	Honda	36500 USD	MI	no	New
5J6RS4H44VL002169	2027 Honda CR-V EX	Honda	https://www.dahlhondaonalaska.com/viewdetails/new/5j6rs4h44vl002169/2027-honda-cr-v-sport-utility/	36600 USD	2027 Meteorite Gray Metallic Honda CR-V EX Intercooled Turbo Regular Gasoline I-4 1.5 L/91 For sale at Dahl Honda Onalaska in Onalaska Wisconsin.	https://content.homenetiol.com/2000157/2065512/0x0/57e3dca9fceb493bbe2c52c78c983492.jpg	in stock	NEW	SUV	Vehicles & Parts > Vehicles > Motor Vehicles > Cars, Trucks & Vans	5J6RS4H44VL002169	https://www.dahlhondaonalaska.com/viewdetails/new/5j6rs4h44vl002169/2027-honda-cr-v-sport-utility/123?store={store_code}	GRAY	0 miles	CR-V	5J6RS4H44VL002169	2027	36600 USD	Honda	36600 USD	MI	no	New
5J6RS4H46VL000987	2027 Honda CR-V EX	Honda	https://www.dahlhondaonalaska.com/viewdetails/new/5j6rs4h46vl000987/2027-honda-cr-v-sport-utility/	36955 USD	2027 Platinum White Pearl Honda CR-V EX Intercooled Turbo Regular Gasoline I-4 1.5 L/91 For sale at Dahl Honda Onalaska in Onalaska Wisconsin.	https://content.homenetiol.com/2000157/2065512/0x0/a5c20c8c0b0942819c391907d44cab78.jpg	in stock	NEW	SUV	Vehicles & Parts > Vehicles > Motor Vehicles > Cars, Trucks & Vans	5J6RS4H46VL000987	https://www.dahlhondaonalaska.com/viewdetails/new/5j6rs4h46vl000987/2027-honda-cr-v-sport-utility/123?store={store_code}	WHITE	0 miles	CR-V	5J6RS4H46VL000987	2027	36955 USD	Honda	36955 USD	MI	no	New
5J6RS4H70VL002261	2027 Honda CR-V EX-L	Honda	https://www.dahlhondaonalaska.com/viewdetails/new/5j6rs4h70vl002261/2027-honda-cr-v-sport-utility/	39305 USD	2027 Platinum White Pearl Honda CR-V EX-L Intercooled Turbo Regular Gasoline I-4 1.5 L/91 For sale at Dahl Honda Onalaska in Onalaska Wisconsin.	https://prod.tvmimageservice.com/images/GetEvoxImage?styleid=489810&amp;Width=640&amp;Height=480&amp;Type=jpeg&amp;Angle=03&amp;quality=80&amp;BackGroundColor=white&amp;colorcode=WX&amp;autocrop=True&amp;useoverrides=true	in stock	NEW	SUV	Vehicles & Parts > Vehicles > Motor Vehicles > Cars, Trucks & Vans	5J6RS4H70VL002261	https://www.dahlhondaonalaska.com/viewdetails/new/5j6rs4h70vl002261/2027-honda-cr-v-sport-utility/123?store={store_code}	WHITE	0 miles	CR-V	5J6RS4H70VL002261	2027	39305 USD	Honda	39305 USD	MI	no	New
5J6RS4H75VL001641	2027 Honda CR-V EX-L	Honda	https://www.dahlhondaonalaska.com/viewdetails/new/5j6rs4h75vl001641/2027-honda-cr-v-sport-utility/	38750 USD	2027 Crystal Black Pearl Honda CR-V EX-L Intercooled Turbo Regular Gasoline I-4 1.5 L/91 For sale at Dahl Honda Onalaska in Onalaska Wisconsin.	https://content.homenetiol.com/2000157/2065512/0x0/9c39553e31fd4c83b4bb3dc8b596187b.jpg	in stock	NEW	SUV	Vehicles & Parts > Vehicles > Motor Vehicles > Cars, Trucks & Vans	5J6RS4H75VL001641	https://www.dahlhondaonalaska.com/viewdetails/new/5j6rs4h75vl001641/2027-honda-cr-v-sport-utility/123?store={store_code}	BLACK	0 miles	CR-V	5J6RS4H75VL001641	2027	38750 USD	Honda	38750 USD	MI	no	New
5J6RS4H77VL002404	2027 Honda CR-V EX-L	Honda	https://www.dahlhondaonalaska.com/viewdetails/new/5j6rs4h77vl002404/2027-honda-cr-v-sport-utility/	39305 USD	2027 Platinum White Pearl Honda CR-V EX-L Intercooled Turbo Regular Gasoline I-4 1.5 L/91 For sale at Dahl Honda Onalaska in Onalaska Wisconsin.	https://prod.tvmimageservice.com/images/GetEvoxImage?styleid=489810&amp;Width=640&amp;Height=480&amp;Type=jpeg&amp;Angle=03&amp;quality=80&amp;BackGroundColor=white&amp;colorcode=WX&amp;autocrop=True&amp;useoverrides=true	in stock	NEW	SUV	Vehicles & Parts > Vehicles > Motor Vehicles > Cars, Trucks & Vans	5J6RS4H77VL002404	https://www.dahlhondaonalaska.com/viewdetails/new/5j6rs4h77vl002404/2027-honda-cr-v-sport-utility/123?store={store_code}	WHITE	0 miles	CR-V	5J6RS4H77VL002404	2027	39305 USD	Honda	39305 USD	MI	no	New
5J6RS4H78VL002248	2027 Honda CR-V EX-L	Honda	https://www.dahlhondaonalaska.com/viewdetails/new/5j6rs4h78vl002248/2027-honda-cr-v-sport-utility/	38850 USD	2027 Meteorite Gray Metallic Honda CR-V EX-L Intercooled Turbo Regular Gasoline I-4 1.5 L/91 For sale at Dahl Honda Onalaska in Onalaska Wisconsin.	https://prod.tvmimageservice.com/images/GetEvoxImage?styleid=489810&amp;Width=640&amp;Height=480&amp;Type=jpeg&amp;Angle=03&amp;quality=80&amp;BackGroundColor=white&amp;colorcode=GD&amp;autocrop=True&amp;useoverrides=true	in stock	NEW	SUV	Vehicles & Parts > Vehicles > Motor Vehicles > Cars, Trucks & Vans	5J6RS4H78VL002248	https://www.dahlhondaonalaska.com/viewdetails/new/5j6rs4h78vl002248/2027-honda-cr-v-sport-utility/123?store={store_code}	GRAY	0 miles	CR-V	5J6RS4H78VL002248	2027	38850 USD	Honda	38850 USD	MI	no	New
5J6RS4H78VL003030	2027 Honda CR-V EX-L	Honda	https://www.dahlhondaonalaska.com/viewdetails/new/5j6rs4h78vl003030/2027-honda-cr-v-sport-utility/	39305 USD	2027 Urban Gray Pearl Honda CR-V EX-L Intercooled Turbo Regular Gasoline I-4 1.5 L/91 For sale at Dahl Honda Onalaska in Onalaska Wisconsin.	https://prod.tvmimageservice.com/images/GetEvoxImage?styleid=489810&amp;Width=640&amp;Height=480&amp;Type=jpeg&amp;Angle=03&amp;quality=80&amp;BackGroundColor=white&amp;colorcode=GE&amp;autocrop=True&amp;useoverrides=true	in stock	NEW	SUV	Vehicles & Parts > Vehicles > Motor Vehicles > Cars, Trucks & Vans	5J6RS4H78VL003030	https://www.dahlhondaonalaska.com/viewdetails/new/5j6rs4h78vl003030/2027-honda-cr-v-sport-utility/123?store={store_code}	GRAY	0 miles	CR-V	5J6RS4H78VL003030	2027	39305 USD	Honda	39305 USD	MI	no	New
7FARS6H90VE005073	2027 Honda CR-V Hybrid Sport Touring	Honda	https://www.dahlhondaonalaska.com/viewdetails/new/7fars6h90ve005073/2027-honda-cr-v-hybrid-sport-utility/	44400 USD	2027 Canyon River Blue Metallic Honda CR-V Sport Touring Gas/Electric I-4 2.0 L/122 For sale at Dahl Honda Onalaska in Onalaska Wisconsin.	https://content.homenetiol.com/2000157/2065512/0x0/f4c61ff190a042fbb7b1c4bf53fab74b.jpg	in stock	NEW	SUV	Vehicles & Parts > Vehicles > Motor Vehicles > Cars, Trucks & Vans	7FARS6H90VE005073	https://www.dahlhondaonalaska.com/viewdetails/new/7fars6h90ve005073/2027-honda-cr-v-hybrid-sport-utility/123?store={store_code}	BLUE	0 miles	CR-V	7FARS6H90VE005073	2027	44400 USD	Honda	44400 USD	MI	no	New
1C4PJXFG5TW178075	2026 Jeep Wrangler Rubicon	Jeep	https://www.dahlhondaonalaska.com/viewdetails/used/1c4pjxfg5tw178075/2026-jeep-wrangler-convertible/	43899 USD	2026 Black Clearcoat Jeep Wrangler Rubicon Regular Gasoline V-6 3.6 L/220 For sale at Dahl Honda Onalaska in Onalaska Wisconsin.	https://content.homenetiol.com/2000157/2065512/0x0/a0885fb25ee44df2a4c4ce963a6d5989.jpg	in stock	USED	SUV	Vehicles & Parts > Vehicles > Motor Vehicles > Cars, Trucks & Vans	1C4PJXFG5TW178075	https://www.dahlhondaonalaska.com/viewdetails/used/1c4pjxfg5tw178075/2026-jeep-wrangler-convertible/123?store={store_code}	BLACK	14132 miles	Wrangler	1C4PJXFG5TW178075	2026	43899 USD	Honda	43899 USD	MI	no	Used
1C6HJTFG3LL107656	2020 Jeep Gladiator Overland	Jeep	https://www.dahlhondaonalaska.com/viewdetails/used/1c6hjtfg3ll107656/2020-jeep-gladiator-crew-cab-pickup/	25389 USD	2020 Bright White Clearcoat Jeep Gladiator Overland Regular Unleaded V-6 3.6 L/220 For sale at Dahl Honda Onalaska in Onalaska Wisconsin.	https://content.homenetiol.com/2000157/2065512/0x0/5131292004314a0b85c6b47f3d07d44a.jpg	in stock	USED	TRUCK	Vehicles & Parts > Vehicles > Motor Vehicles > Cars, Trucks & Vans	1C6HJTFG3LL107656	https://www.dahlhondaonalaska.com/viewdetails/used/1c6hjtfg3ll107656/2020-jeep-gladiator-crew-cab-pickup/123?store={store_code}	WHITE	76547 miles	Gladiator	1C6HJTFG3LL107656	2020	25389 USD	Honda	25389 USD	MI	no	Used
1FM5K8GC3LGA24881	2020 Ford Explorer ST	Ford	https://www.dahlhondaonalaska.com/viewdetails/used/1fm5k8gc3lga24881/2020-ford-explorer-sport-utility/	25399 USD	2020 Rapid Red Metallic Tinted Clearcoat Ford Explorer ST Twin Turbo Premium Gasoline V-6 3.0 L/183 For sale at Dahl Honda Onalaska in Onalaska Wisconsin.	https://content.homenetiol.com/2000157/2065512/0x0/f82f0fe558e040bb8ee58da3435dfd2e.jpg	in stock	USED	SUV	Vehicles & Parts > Vehicles > Motor Vehicles > Cars, Trucks & Vans	1FM5K8GC3LGA24881	https://www.dahlhondaonalaska.com/viewdetails/used/1fm5k8gc3lga24881/2020-ford-explorer-sport-utility/123?store={store_code}	RED	99244 miles	Explorer	1FM5K8GC3LGA24881	2020	25399 USD	Honda	25399 USD	MI	no	Used
1FMCU0GD6HUA77997	2017 Ford Escape SE	Ford	https://www.dahlhondaonalaska.com/viewdetails/used/1fmcu0gd6hua77997/2017-ford-escape-sport-utility/	8999 USD	2017 Ruby Red Metallic Tinted Clearcoat Ford Escape SE Intercooled Turbo Regular Unleaded I-4 1.5 L/91 For sale at Dahl Honda Onalaska in Onalaska Wisconsin.	https://content.homenetiol.com/2000157/2065512/0x0/5afe706c924142f0b77480abab47da7a.jpg	in stock	USED	SUV	Vehicles & Parts > Vehicles > Motor Vehicles > Cars, Trucks & Vans	1FMCU0GD6HUA77997	https://www.dahlhondaonalaska.com/viewdetails/used/1fmcu0gd6hua77997/2017-ford-escape-sport-utility/123?store={store_code}	RED	123393 miles	Escape	1FMCU0GD6HUA77997	2017	8999 USD	Honda	8999 USD	MI	no	Used
1FMCU9G64LUB85937	2020 Ford Escape SE	Ford	https://www.dahlhondaonalaska.com/viewdetails/used/1fmcu9g64lub85937/2020-ford-escape-sport-utility/	16390 USD	2020 Rapid Red Metallic Tinted Clearcoat Ford Escape SE Intercooled Turbo Premium Unleaded I-3 1.5 L/91 For sale at Dahl Honda Onalaska in Onalaska Wisconsin.	https://content.homenetiol.com/2000157/2065512/0x0/63dba5e3bc494edf9e9ab657ad64a2a7.jpg	in stock	USED	SUV	Vehicles & Parts > Vehicles > Motor Vehicles > Cars, Trucks & Vans	1FMCU9G64LUB85937	https://www.dahlhondaonalaska.com/viewdetails/used/1fmcu9g64lub85937/2020-ford-escape-sport-utility/123?store={store_code}	RED	61761 miles	Escape	1FMCU9G64LUB85937	2020	16390 USD	Honda	16390 USD	MI	no	Used
1FMCU9GN5SUB03395	2025 Ford Escape Active	Ford	https://www.dahlhondaonalaska.com/viewdetails/used/1fmcu9gn5sub03395/2025-ford-escape-sport-utility/	20889 USD	2025 Agate Black Ford Escape Active Intercooled Turbo Premium Gasoline I-3 1.5 L/91 For sale at Dahl Honda Onalaska in Onalaska Wisconsin.	https://content.homenetiol.com/2000157/2065512/0x0/a1237cb00cc14605b302ea5c9218a1bc.jpg	in stock	USED	SUV	Vehicles & Parts > Vehicles > Motor Vehicles > Cars, Trucks & Vans	1FMCU9GN5SUB03395	https://www.dahlhondaonalaska.com/viewdetails/used/1fmcu9gn5sub03395/2025-ford-escape-sport-utility/123?store={store_code}	BLACK	48984 miles	Escape	1FMCU9GN5SUB03395	2025	20889 USD	Honda	20889 USD	MI	no	Used
1FMCU9JA1PUA56623	2023 Ford Escape Platinum	Ford	https://www.dahlhondaonalaska.com/viewdetails/used/1fmcu9ja1pua56623/2023-ford-escape-sport-utility/	21399 USD	2023 Atlas Blue Ford Escape Platinum Intercooled Turbo Premium Unleaded I-4 2.0 L/122 For sale at Dahl Honda Onalaska in Onalaska Wisconsin.	https://content.homenetiol.com/2000157/2065512/0x0/8410caf620aa432f86a8643fe03d5723.jpg	in stock	USED	SUV	Vehicles & Parts > Vehicles > Motor Vehicles > Cars, Trucks & Vans	1FMCU9JA1PUA56623	https://www.dahlhondaonalaska.com/viewdetails/used/1fmcu9ja1pua56623/2023-ford-escape-sport-utility/123?store={store_code}	BLUE	54610 miles	Escape	1FMCU9JA1PUA56623	2023	21399 USD	Honda	21399 USD	MI	no	Used
1FMCU9MN3RUA26797	2024 Ford Escape ST-Line	Ford	https://www.dahlhondaonalaska.com/viewdetails/used/1fmcu9mn3rua26797/2024-ford-escape-sport-utility/	18399 USD	2024 Rapid Red Metallic Tinted Clearcoat Ford Escape ST-Line Intercooled Turbo Premium Unleaded I-3 1.5 L/91 For sale at Dahl Honda Onalaska in Onalaska Wisconsin.	https://content.homenetiol.com/2000157/2065512/0x0/77fbee521a2a4011a21222c9ef21491a.jpg	in stock	USED	SUV	Vehicles & Parts > Vehicles > Motor Vehicles > Cars, Trucks & Vans	1FMCU9MN3RUA26797	https://www.dahlhondaonalaska.com/viewdetails/used/1fmcu9mn3rua26797/2024-ford-escape-sport-utility/123?store={store_code}	RED	72790 miles	Escape	1FMCU9MN3RUA26797	2024	18399 USD	Honda	18399 USD	MI	no	Used
1FTEW1EP9JKD78825	2018 Ford F-150 LARIAT	Ford	https://www.dahlhondaonalaska.com/viewdetails/used/1ftew1ep9jkd78825/2018-ford-f-150-crew-cab-pickup/	16990 USD	2018 Ruby Red Metallic Tinted Clearcoat Ford F-150 LARIAT Regular Unleaded 2.7 L EcoBoost For sale at Dahl Honda Onalaska in Onalaska Wisconsin.	https://content.homenetiol.com/2000157/2065512/0x0/9adf10c84961426682d2ae8e4f4597e2.jpg	in stock	USED	TRUCK	Vehicles & Parts > Vehicles > Motor Vehicles > Cars, Trucks & Vans	1FTEW1EP9JKD78825	https://www.dahlhondaonalaska.com/viewdetails/used/1ftew1ep9jkd78825/2018-ford-f-150-crew-cab-pickup/123?store={store_code}	RED	165669 miles	F-150	1FTEW1EP9JKD78825	2018	16990 USD	Honda	16990 USD	MI	no	Used
1G1ZD5STXMF081813	2021 Chevrolet Malibu LT	Chevrolet	https://www.dahlhondaonalaska.com/viewdetails/used/1g1zd5stxmf081813/2021-chevrolet-malibu-4dr-car/	18389 USD	2021 Northsky Blue Metallic Chevrolet Malibu LT Turbocharged Gas I4 1.5L/91 For sale at Dahl Honda Onalaska in Onalaska Wisconsin.	https://content.homenetiol.com/2000157/2065512/0x0/bbeef10420b2444c85c0f10a2d6e6514.jpg	in stock	USED	OTHER	Vehicles & Parts > Vehicles > Motor Vehicles > Cars, Trucks & Vans	1G1ZD5STXMF081813	https://www.dahlhondaonalaska.com/viewdetails/used/1g1zd5stxmf081813/2021-chevrolet-malibu-4dr-car/123?store={store_code}	BLUE	44384 miles	Malibu	1G1ZD5STXMF081813	2021	18389 USD	Honda	18389 USD	MI	no	Used
1N4BL4DV3RN354016	2024 Nissan Altima 2.5 SV	Nissan	https://www.dahlhondaonalaska.com/viewdetails/used/1n4bl4dv3rn354016/2024-nissan-altima-4dr-car/	18889 USD	2024 Gun Metallic Nissan Altima 2.5 SV Regular Unleaded I-4 2.5 L/152 For sale at Dahl Honda Onalaska in Onalaska Wisconsin.	https://content.homenetiol.com/2000157/2065512/0x0/4b8ac544779748bfb852d9e4637943b3.jpg	in stock	USED	OTHER	Vehicles & Parts > Vehicles > Motor Vehicles > Cars, Trucks & Vans	1N4BL4DV3RN354016	https://www.dahlhondaonalaska.com/viewdetails/used/1n4bl4dv3rn354016/2024-nissan-altima-4dr-car/123?store={store_code}	GRAY	56416 miles	Altima	1N4BL4DV3RN354016	2024	18889 USD	Honda	18889 USD	MI	no	Used
1N6ED1EK6TN614274	2026 Nissan Frontier PRO-4X	Nissan	https://www.dahlhondaonalaska.com/viewdetails/used/1n6ed1ek6tn614274/2026-nissan-frontier-crew-cab-pickup/	38389 USD	2026 Glacier White Nissan Frontier PRO-4X Regular Gasoline V-6 3.8 L/231 For sale at Dahl Honda Onalaska in Onalaska Wisconsin.	https://content.homenetiol.com/2000157/2065512/0x0/77b05704339c484481feded58ddcc5aa.jpg	in stock	USED	TRUCK	Vehicles & Parts > Vehicles > Motor Vehicles > Cars, Trucks & Vans	1N6ED1EK6TN614274	https://www.dahlhondaonalaska.com/viewdetails/used/1n6ed1ek6tn614274/2026-nissan-frontier-crew-cab-pickup/123?store={store_code}	WHITE	24693 miles	Frontier	1N6ED1EK6TN614274	2026	38389 USD	Honda	38389 USD	MI	no	Used
1V2HE2CA9RC232580	2024 Volkswagen Atlas Cross Sport 2.0T SE w/Technology	Volkswagen	https://www.dahlhondaonalaska.com/viewdetails/used/1v2he2ca9rc232580/2024-volkswagen-atlas-cross-sport-sport-utility/	26689 USD	2024 Pure Gray Volkswagen Atlas Cross Sport 2.0T SE w/Technology Intercooled Turbo Regular Gasoline I-4 2.0 L/121 For sale at Dahl Honda Onalaska in Onalaska Wisconsin.	https://content.homenetiol.com/2000157/2065512/0x0/4da6a1f3a44a45819a6655d13ea2fdce.jpg	in stock	USED	SUV	Vehicles & Parts > Vehicles > Motor Vehicles > Cars, Trucks & Vans	1V2HE2CA9RC232580	https://www.dahlhondaonalaska.com/viewdetails/used/1v2he2ca9rc232580/2024-volkswagen-atlas-cross-sport-sport-utility/123?store={store_code}	GRAY	49942 miles	Atlas Cross Sport	1V2HE2CA9RC232580	2024	26689 USD	Honda	26689 USD	MI	no	Used
2C4RC1BG1RR136445	2024 Chrysler Pacifica Touring L	Chrysler	https://www.dahlhondaonalaska.com/viewdetails/used/2c4rc1bg1rr136445/2024-chrysler-pacifica-mini-van,-passenger/	21899 USD	2024 Diamond Black Crystal Pearlcoat Chrysler Pacifica Touring L Regular Unleaded V-6 3.6 L/220 For sale at Dahl Honda Onalaska in Onalaska Wisconsin.	https://content.homenetiol.com/2000157/2065512/0x0/3163940222bf469abf2c969c6ea6d7d3.jpg	in stock	USED	VAN	Vehicles & Parts > Vehicles > Motor Vehicles > Cars, Trucks & Vans	2C4RC1BG1RR136445	https://www.dahlhondaonalaska.com/viewdetails/used/2c4rc1bg1rr136445/2024-chrysler-pacifica-mini-van,-passenger/123?store={store_code}	BLACK	75222 miles	Pacifica	2C4RC1BG1RR136445	2024	21899 USD	Honda	21899 USD	MI	no	Used
2C4RC1CG4RR186822	2024 Chrysler Voyager LX	Chrysler	https://www.dahlhondaonalaska.com/viewdetails/used/2c4rc1cg4rr186822/2024-chrysler-voyager-mini-van,-passenger/	21399 USD	2024 Silver Mist Clearcoat Chrysler Voyager LX Regular Unleaded V-6 3.6 L/220 For sale at Dahl Honda Onalaska in Onalaska Wisconsin.	https://content.homenetiol.com/2000157/2065512/0x0/9834bb768d8d427ab451110a973a0e08.jpg	in stock	USED	VAN	Vehicles & Parts > Vehicles > Motor Vehicles > Cars, Trucks & Vans	2C4RC1CG4RR186822	https://www.dahlhondaonalaska.com/viewdetails/used/2c4rc1cg4rr186822/2024-chrysler-voyager-mini-van,-passenger/123?store={store_code}	SILVER	66734 miles	Voyager	2C4RC1CG4RR186822	2024	21399 USD	Honda	21399 USD	MI	no	Used
2C4RC1GG3SR561244	2025 Chrysler Pacifica Limited	Chrysler	https://www.dahlhondaonalaska.com/viewdetails/used/2c4rc1gg3sr561244/2025-chrysler-pacifica-mini-van,-passenger/	29389 USD	2025 Bright White Clearcoat Chrysler Pacifica Limited Regular Gasoline V-6 3.6 L/220 For sale at Dahl Honda Onalaska in Onalaska Wisconsin.	https://content.homenetiol.com/2000157/2065512/0x0/304f9fede9964125b08c413063339a91.jpg	in stock	USED	VAN	Vehicles & Parts > Vehicles > Motor Vehicles > Cars, Trucks & Vans	2C4RC1GG3SR561244	https://www.dahlhondaonalaska.com/viewdetails/used/2c4rc1gg3sr561244/2025-chrysler-pacifica-mini-van,-passenger/123?store={store_code}	WHITE	54343 miles	Pacifica	2C4RC1GG3SR561244	2025	29389 USD	Honda	29389 USD	MI	no	Used
2FMPK4G91PBA27815	2023 Ford Edge SE	Ford	https://www.dahlhondaonalaska.com/viewdetails/used/2fmpk4g91pba27815/2023-ford-edge-sport-utility/	19389 USD	2023 Iconic Silver Ford Edge SE Intercooled Turbo Premium Unleaded I-4 2.0 L/122 For sale at Dahl Honda Onalaska in Onalaska Wisconsin.	https://content.homenetiol.com/2000157/2065512/0x0/6a97fb258ae542b99f32264ca9201b6e.jpg	in stock	USED	SUV	Vehicles & Parts > Vehicles > Motor Vehicles > Cars, Trucks & Vans	2FMPK4G91PBA27815	https://www.dahlhondaonalaska.com/viewdetails/used/2fmpk4g91pba27815/2023-ford-edge-sport-utility/123?store={store_code}	SILVER	94101 miles	Edge	2FMPK4G91PBA27815	2023	19389 USD	Honda	19389 USD	MI	no	Used
2FMPK4J99NBA63175	2022 Ford Edge SEL	Ford	https://www.dahlhondaonalaska.com/viewdetails/used/2fmpk4j99nba63175/2022-ford-edge-sport-utility/	16789 USD	2022 Oxford White Ford Edge SEL Intercooled Turbo Premium Unleaded I-4 2.0 L/122 For sale at Dahl Honda Onalaska in Onalaska Wisconsin.	https://content.homenetiol.com/2000157/2065512/0x0/295895da48b34de29f8b87db1a460784.jpg	in stock	USED	SUV	Vehicles & Parts > Vehicles > Motor Vehicles > Cars, Trucks & Vans	2FMPK4J99NBA63175	https://www.dahlhondaonalaska.com/viewdetails/used/2fmpk4j99nba63175/2022-ford-edge-sport-utility/123?store={store_code}	WHITE	115379 miles	Edge	2FMPK4J99NBA63175	2022	16789 USD	Honda	16789 USD	MI	no	Used
2T36CRAV7TW012145	2026 Toyota RAV4 XLE Premium	Toyota	https://www.dahlhondaonalaska.com/viewdetails/used/2t36crav7tw012145/2026-toyota-rav4-sport-utility/	42399 USD	2026 Midnight Black Metallic Toyota RAV4 XLE Premium Gas/Electric I-4 2.5 L/152 For sale at Dahl Honda Onalaska in Onalaska Wisconsin.	https://content.homenetiol.com/2000157/2065512/0x0/1f97e8d94eb8400097e524da7715493f.jpg	in stock	USED	SUV	Vehicles & Parts > Vehicles > Motor Vehicles > Cars, Trucks & Vans	2T36CRAV7TW012145	https://www.dahlhondaonalaska.com/viewdetails/used/2t36crav7tw012145/2026-toyota-rav4-sport-utility/123?store={store_code}	BLACK	15567 miles	RAV4	2T36CRAV7TW012145	2026	42399 USD	Honda	42399 USD	MI	no	Used
2T3DFREV3HW580599	2017 Toyota RAV4 Limited	Toyota	https://www.dahlhondaonalaska.com/viewdetails/used/2t3dfrev3hw580599/2017-toyota-rav4-sport-utility/	18490 USD	2017 Black Toyota RAV4 Limited Regular Gasoline I-4 2.5 L/152 For sale at Dahl Honda Onalaska in Onalaska Wisconsin.	https://content.homenetiol.com/2000157/2065512/0x0/1ce6abfe10e341d7b06845cc4a82c58b.jpg	in stock	USED	SUV	Vehicles & Parts > Vehicles > Motor Vehicles > Cars, Trucks & Vans	2T3DFREV3HW580599	https://www.dahlhondaonalaska.com/viewdetails/used/2t3dfrev3hw580599/2017-toyota-rav4-sport-utility/123?store={store_code}	BLACK	126095 miles	RAV4	2T3DFREV3HW580599	2017	18490 USD	Honda	18490 USD	MI	no	Used
3C4NJDBB3NT100287	2022 Jeep Compass Latitude	Jeep	https://www.dahlhondaonalaska.com/viewdetails/used/3c4njdbb3nt100287/2022-jeep-compass-sport-utility/	19398 USD	2022 Velvet Red Pearlcoat Jeep Compass Latitude Regular Gasoline I-4 2.4 L/144 For sale at Dahl Honda Onalaska in Onalaska Wisconsin.	https://content.homenetiol.com/2000157/2065512/0x0/3803a0e85afb4e6c8d8a4a4b190a203c.jpg	in stock	USED	SUV	Vehicles & Parts > Vehicles > Motor Vehicles > Cars, Trucks & Vans	3C4NJDBB3NT100287	https://www.dahlhondaonalaska.com/viewdetails/used/3c4njdbb3nt100287/2022-jeep-compass-sport-utility/123?store={store_code}	RED	53530 miles	Compass	3C4NJDBB3NT100287	2022	19398 USD	Honda	19398 USD	MI	no	Used
3FA6P0H71FR151774	2015 Ford Fusion SE	Ford	https://www.dahlhondaonalaska.com/viewdetails/used/3fa6p0h71fr151774/2015-ford-fusion-4dr-car/	8999 USD	2015 Oxford White Ford Fusion SE Regular Unleaded I-4 2.5 L/152 For sale at Dahl Honda Onalaska in Onalaska Wisconsin.	https://content.homenetiol.com/2000157/2065512/0x0/3a018c2d7c0741e8a89b812f2c0abfe0.jpg	in stock	USED	OTHER	Vehicles & Parts > Vehicles > Motor Vehicles > Cars, Trucks & Vans	3FA6P0H71FR151774	https://www.dahlhondaonalaska.com/viewdetails/used/3fa6p0h71fr151774/2015-ford-fusion-4dr-car/123?store={store_code}	WHITE	104654 miles	Fusion	3FA6P0H71FR151774	2015	8999 USD	Honda	8999 USD	MI	no	Used
3GKALTEG7PL133200	2023 GMC Terrain SLE	GMC	https://www.dahlhondaonalaska.com/viewdetails/used/3gkalteg7pl133200/2023-gmc-terrain-sport-utility/	19299 USD	2023 Ebony Twilight Metallic GMC Terrain SLE Turbocharged Gas I4 1.5L/ For sale at Dahl Honda Onalaska in Onalaska Wisconsin.	https://content.homenetiol.com/2000157/2065512/0x0/f48832a318274eeeaf469c20aa1cef7e.jpg	in stock	USED	SUV	Vehicles & Parts > Vehicles > Motor Vehicles > Cars, Trucks & Vans	3GKALTEG7PL133200	https://www.dahlhondaonalaska.com/viewdetails/used/3gkalteg7pl133200/2023-gmc-terrain-sport-utility/123?store={store_code}	BLACK	135049 miles	Terrain	3GKALTEG7PL133200	2023	19299 USD	Honda	19299 USD	MI	no	Used
3GKALVEV7LL172339	2020 GMC Terrain SLT	GMC	https://www.dahlhondaonalaska.com/viewdetails/used/3gkalvev7ll172339/2020-gmc-terrain-sport-utility/	12000 USD	2020 Red Quartz Tintcoat GMC Terrain SLT Turbocharged Gas/E15 I4 1.5L/92 For sale at Dahl Honda Onalaska in Onalaska Wisconsin.	https://content.homenetiol.com/2000157/2065512/0x0/446d7457bc684a098a1246a4c9aa2f06.jpg	in stock	USED	SUV	Vehicles & Parts > Vehicles > Motor Vehicles > Cars, Trucks & Vans	3GKALVEV7LL172339	https://www.dahlhondaonalaska.com/viewdetails/used/3gkalvev7ll172339/2020-gmc-terrain-sport-utility/123?store={store_code}	RED	142591 miles	Terrain	3GKALVEV7LL172339	2020	12000 USD	Honda	12000 USD	MI	no	Used
3VWH17AU1HM503729	2017 Volkswagen Golf Alltrack SEL	Volkswagen	https://www.dahlhondaonalaska.com/viewdetails/used/3vwh17au1hm503729/2017-volkswagen-golf-alltrack-station-wagon/	13389 USD	2017 Platinum Gray Metallic Volkswagen Golf Alltrack SEL Intercooled Turbo Regular Unleaded I-4 1.8 L/110 For sale at Dahl Honda Onalaska in Onalaska Wisconsin.	https://content.homenetiol.com/2000157/2065512/0x0/c8a9d45430a9474fbc0682655a94b5e1.jpg	in stock	USED	OTHER	Vehicles & Parts > Vehicles > Motor Vehicles > Cars, Trucks & Vans	3VWH17AU1HM503729	https://www.dahlhondaonalaska.com/viewdetails/used/3vwh17au1hm503729/2017-volkswagen-golf-alltrack-station-wagon/123?store={store_code}	WHITE	116784 miles	Golf Alltrack	3VWH17AU1HM503729	2017	13389 USD	Honda	13389 USD	MI	no	Used
4S4BTAACXN3188641	2022 Subaru Outback Base	Subaru	https://www.dahlhondaonalaska.com/viewdetails/used/4s4btaacxn3188641/2022-subaru-outback-sport-utility/	8000 USD	2022 Crystal White Pearl Subaru Outback Base Regular Unleaded H-4 2.5 L/152 For sale at Dahl Honda Onalaska in Onalaska Wisconsin.	https://content.homenetiol.com/2000157/2065512/0x0/01fc8014dac04351babf95a3b3e05e10.jpg	in stock	USED	SUV	Vehicles & Parts > Vehicles > Motor Vehicles > Cars, Trucks & Vans	4S4BTAACXN3188641	https://www.dahlhondaonalaska.com/viewdetails/used/4s4btaacxn3188641/2022-subaru-outback-sport-utility/123?store={store_code}	WHITE	331502 miles	Outback	4S4BTAACXN3188641	2022	8000 USD	Honda	8000 USD	MI	no	Used
5FNYF8H57MB009270	2021 Honda Passport EX-L	Honda	https://www.dahlhondaonalaska.com/viewdetails/used/5fnyf8h57mb009270/2021-honda-passport-sport-utility/	24389 USD	2021 Lunar Silver Metallic Honda Passport EX-L Regular Unleaded V-6 3.5 L/212 For sale at Dahl Honda Onalaska in Onalaska Wisconsin.	https://content.homenetiol.com/2000157/2065512/0x0/b4d35e393b9648f286ad4737df34532e.jpg	in stock	USED	SUV	Vehicles & Parts > Vehicles > Motor Vehicles > Cars, Trucks & Vans	5FNYF8H57MB009270	https://www.dahlhondaonalaska.com/viewdetails/used/5fnyf8h57mb009270/2021-honda-passport-sport-utility/123?store={store_code}	SILVER	102701 miles	Passport	5FNYF8H57MB009270	2021	24389 USD	Honda	24389 USD	MI	no	Used
5J8YD4H50LL005850	2020 Acura MDX w/Technology Pkg	Acura	https://www.dahlhondaonalaska.com/viewdetails/used/5j8yd4h50ll005850/2020-acura-mdx-sport-utility/	22899 USD	2020 Fathom Blue Pearl Acura MDX w/Technology Pkg Premium Unleaded V-6 3.5 L/212 For sale at Dahl Honda Onalaska in Onalaska Wisconsin.	https://content.homenetiol.com/2000157/2065512/0x0/867bc552c65145f985b702a50ff08d6e.jpg	in stock	USED	SUV	Vehicles & Parts > Vehicles > Motor Vehicles > Cars, Trucks & Vans	5J8YD4H50LL005850	https://www.dahlhondaonalaska.com/viewdetails/used/5j8yd4h50ll005850/2020-acura-mdx-sport-utility/123?store={store_code}	BLUE	117393 miles	MDX	5J8YD4H50LL005850	2020	22899 USD	Honda	22899 USD	MI	no	Used
5N1BT3BA2RC760008	2024 Nissan Rogue SV	Nissan	https://www.dahlhondaonalaska.com/viewdetails/used/5n1bt3ba2rc760008/2024-nissan-rogue-sport-utility/	18389 USD	2024 Everest White Pearl Nissan Rogue SV Intercooled Turbo Regular Unleaded I-3 1.5 L/91 For sale at Dahl Honda Onalaska in Onalaska Wisconsin.	https://content.homenetiol.com/2000157/2065512/0x0/110c576bf7a34a4e88694d56d894c724.jpg	in stock	USED	SUV	Vehicles & Parts > Vehicles > Motor Vehicles > Cars, Trucks & Vans	5N1BT3BA2RC760008	https://www.dahlhondaonalaska.com/viewdetails/used/5n1bt3ba2rc760008/2024-nissan-rogue-sport-utility/123?store={store_code}	WHITE	58011 miles	Rogue	5N1BT3BA2RC760008	2024	18389 USD	Honda	18389 USD	MI	no	Used
5N1DR2BM2LC611620	2020 Nissan Pathfinder SV	Nissan	https://www.dahlhondaonalaska.com/viewdetails/used/5n1dr2bm2lc611620/2020-nissan-pathfinder-sport-utility/	13398 USD	2020 Brilliant Silver Metallic Nissan Pathfinder SV Regular Gasoline V-6 3.5 L/213 For sale at Dahl Honda Onalaska in Onalaska Wisconsin.	https://content.homenetiol.com/2000157/2065512/0x0/94de227c7f23456bbe8c0d7ee67c2b64.jpg	in stock	USED	SUV	Vehicles & Parts > Vehicles > Motor Vehicles > Cars, Trucks & Vans	5N1DR2BM2LC611620	https://www.dahlhondaonalaska.com/viewdetails/used/5n1dr2bm2lc611620/2020-nissan-pathfinder-sport-utility/123?store={store_code}	SILVER	92704 miles	Pathfinder	5N1DR2BM2LC611620	2020	13398 USD	Honda	13398 USD	MI	no	Used
5NMS2CAD2KH122125	2019 Hyundai Santa Fe SE	Hyundai	https://www.dahlhondaonalaska.com/viewdetails/used/5nms2cad2kh122125/2019-hyundai-santa-fe-sport-utility/	17389 USD	2019 Machine Gray Hyundai Santa Fe SE Regular Unleaded I-4 2.4 L/144 For sale at Dahl Honda Onalaska in Onalaska Wisconsin.	https://content.homenetiol.com/2000157/2065512/0x0/9eccd70a3ad64d1fa478af6f6412717d.jpg	in stock	USED	SUV	Vehicles & Parts > Vehicles > Motor Vehicles > Cars, Trucks & Vans	5NMS2CAD2KH122125	https://www.dahlhondaonalaska.com/viewdetails/used/5nms2cad2kh122125/2019-hyundai-santa-fe-sport-utility/123?store={store_code}	GRAY	55862 miles	Santa Fe	5NMS2CAD2KH122125	2019	17389 USD	Honda	17389 USD	MI	no	Used
5NTJBDAE5PH058717	2023 Hyundai Santa Cruz SEL	Hyundai	https://www.dahlhondaonalaska.com/viewdetails/used/5ntjbdae5ph058717/2023-hyundai-santa-cruz-crew-cab-pickup/	24400 USD	2023 Hampton Gray Hyundai Santa Cruz SEL Regular Unleaded I-4 2.5 L/152 For sale at Dahl Honda Onalaska in Onalaska Wisconsin.	https://content.homenetiol.com/2000157/2065512/0x0/4707c758b73f4fe0a8bb0d40ec47ad42.jpg	in stock	USED	TRUCK	Vehicles & Parts > Vehicles > Motor Vehicles > Cars, Trucks & Vans	5NTJBDAE5PH058717	https://www.dahlhondaonalaska.com/viewdetails/used/5ntjbdae5ph058717/2023-hyundai-santa-cruz-crew-cab-pickup/123?store={store_code}	GRAY	20847 miles	Santa Cruz	5NTJBDAE5PH058717	2023	24400 USD	Honda	24400 USD	MI	no	Used
5YFB4MDE4RP092761	2024 Toyota Corolla LE	Toyota	https://www.dahlhondaonalaska.com/viewdetails/used/5yfb4mde4rp092761/2024-toyota-corolla-4dr-car/	19399 USD	2024 Ice Cap Toyota Corolla LE Regular Gasoline I-4 2.0 L/121 For sale at Dahl Honda Onalaska in Onalaska Wisconsin.	https://content.homenetiol.com/2000157/2065512/0x0/b810258b46824df9b80825cf8d05476d.jpg	in stock	USED	OTHER	Vehicles & Parts > Vehicles > Motor Vehicles > Cars, Trucks & Vans	5YFB4MDE4RP092761	https://www.dahlhondaonalaska.com/viewdetails/used/5yfb4mde4rp092761/2024-toyota-corolla-4dr-car/123?store={store_code}	WHITE	59447 miles	Corolla	5YFB4MDE4RP092761	2024	19399 USD	Honda	19399 USD	MI	no	Used
7MMVABBM5SN332858	2025 Mazda CX-50 2.5 S Preferred Package	Mazda	https://www.dahlhondaonalaska.com/viewdetails/used/7mmvabbm5sn332858/2025-mazda-cx-50-sport-utility/	25399 USD	2025 Soul Red Crystal Metallic Mazda CX-50 2.5 S Preferred Package Regular Gasoline I-4 2.5 L/152 For sale at Dahl Honda Onalaska in Onalaska Wisconsin.	https://content.homenetiol.com/2000157/2065512/0x0/209fb470c6b64838b0f8bda9abe892b9.jpg	in stock	USED	SUV	Vehicles & Parts > Vehicles > Motor Vehicles > Cars, Trucks & Vans	7MMVABBM5SN332858	https://www.dahlhondaonalaska.com/viewdetails/used/7mmvabbm5sn332858/2025-mazda-cx-50-sport-utility/123?store={store_code}	RED	50210 miles	CX-50	7MMVABBM5SN332858	2025	25399 USD	Honda	25399 USD	MI	no	Used
JA4ARUAU5RU012826	2024 Mitsubishi Outlander Sport SE	Mitsubishi	https://www.dahlhondaonalaska.com/viewdetails/used/ja4aruau5ru012826/2024-mitsubishi-outlander-sport-sport-utility/	20399 USD	2024 Mercury Gray Metallic Mitsubishi Outlander Sport SE 2.0L I4 For sale at Dahl Honda Onalaska in Onalaska Wisconsin.	https://content.homenetiol.com/2000157/2065512/0x0/4839f58d93a34185a3edf58e4e34de25.jpg	in stock	USED	SUV	Vehicles & Parts > Vehicles > Motor Vehicles > Cars, Trucks & Vans	JA4ARUAU5RU012826	https://www.dahlhondaonalaska.com/viewdetails/used/ja4aruau5ru012826/2024-mitsubishi-outlander-sport-sport-utility/123?store={store_code}	GRAY	54000 miles	Outlander Sport	JA4ARUAU5RU012826	2024	20399 USD	Honda	20399 USD	MI	no	Used
JA4J4VA87RZ070785	2024 Mitsubishi Outlander SE	Mitsubishi	https://www.dahlhondaonalaska.com/viewdetails/used/ja4j4va87rz070785/2024-mitsubishi-outlander-sport-utility/	22399 USD	2024 White Diamond Mitsubishi Outlander SE 2.5L I4 For sale at Dahl Honda Onalaska in Onalaska Wisconsin.	https://content.homenetiol.com/2000157/2065512/0x0/51b5b6b777ba4d679f70cfb6642dc874.jpg	in stock	USED	SUV	Vehicles & Parts > Vehicles > Motor Vehicles > Cars, Trucks & Vans	JA4J4VA87RZ070785	https://www.dahlhondaonalaska.com/viewdetails/used/ja4j4va87rz070785/2024-mitsubishi-outlander-sport-utility/123?store={store_code}	WHITE	63682 miles	Outlander	JA4J4VA87RZ070785	2024	22399 USD	Honda	22399 USD	MI	no	Used
JHMGE8H53CC027600	2012 Honda Fit Sport	Honda	https://www.dahlhondaonalaska.com/viewdetails/used/jhmge8h53cc027600/2012-honda-fit-hatchback/	8990 USD	2012 Crystal Black Pearl Honda Fit Sport Gas I4 1.5L/91 For sale at Dahl Honda Onalaska in Onalaska Wisconsin.	https://content.homenetiol.com/2000157/2065512/0x0/360ec0e8d73d40a0b010de8ccea69ec9.jpg	in stock	USED	OTHER	Vehicles & Parts > Vehicles > Motor Vehicles > Cars, Trucks & Vans	JHMGE8H53CC027600	https://www.dahlhondaonalaska.com/viewdetails/used/jhmge8h53cc027600/2012-honda-fit-hatchback/123?store={store_code}	BLACK	142287 miles	Fit	JHMGE8H53CC027600	2012	8990 USD	Honda	8990 USD	MI	no	Used
JM3KFBBL5S0575084	2025 Mazda CX-5 2.5 S Select Package	Mazda	https://www.dahlhondaonalaska.com/viewdetails/used/jm3kfbbl5s0575084/2025-mazda-cx-5-sport-utility/	23889 USD	2025 Platinum Quartz Metallic Mazda CX-5 2.5 S Select Package Regular Gasoline I-4 2.5 L/152 For sale at Dahl Honda Onalaska in Onalaska Wisconsin.	https://content.homenetiol.com/2000157/2065512/0x0/27dd06495f4043659cf7be11b8f9ccc0.jpg	in stock	USED	SUV	Vehicles & Parts > Vehicles > Motor Vehicles > Cars, Trucks & Vans	JM3KFBBL5S0575084	https://www.dahlhondaonalaska.com/viewdetails/used/jm3kfbbl5s0575084/2025-mazda-cx-5-sport-utility/123?store={store_code}	WHITE	43711 miles	CX-5	JM3KFBBL5S0575084	2025	23889 USD	Honda	23889 USD	MI	no	Used
JM3KFBCL5S0672347	2025 Mazda CX-5 2.5 S Preferred Package	Mazda	https://www.dahlhondaonalaska.com/viewdetails/used/jm3kfbcl5s0672347/2025-mazda-cx-5-sport-utility/	25390 USD	2025 Rhodium White Metallic Mazda CX-5 2.5 S Preferred Package Regular Gasoline I-4 2.5 L/152 For sale at Dahl Honda Onalaska in Onalaska Wisconsin.	https://content.homenetiol.com/2000157/2065512/0x0/08bc4373f44f4405b217351a31f84e1c.jpg	in stock	USED	SUV	Vehicles & Parts > Vehicles > Motor Vehicles > Cars, Trucks & Vans	JM3KFBCL5S0672347	https://www.dahlhondaonalaska.com/viewdetails/used/jm3kfbcl5s0672347/2025-mazda-cx-5-sport-utility/123?store={store_code}	WHITE	39095 miles	CX-5	JM3KFBCL5S0672347	2025	25390 USD	Honda	25390 USD	MI	no	Used
JM3KFBCM5S0555490	2025 Mazda CX-5 2.5 S Carbon Edition	Mazda	https://www.dahlhondaonalaska.com/viewdetails/used/jm3kfbcm5s0555490/2025-mazda-cx-5-sport-utility/	26389 USD	2025 Polymetal Gray Metallic Mazda CX-5 2.5 S Carbon Edition Regular Gasoline I-4 2.5 L/152 For sale at Dahl Honda Onalaska in Onalaska Wisconsin.	https://content.homenetiol.com/2000157/2065512/0x0/590899cd1e114539bef6039dde4607ec.jpg	in stock	USED	SUV	Vehicles & Parts > Vehicles > Motor Vehicles > Cars, Trucks & Vans	JM3KFBCM5S0555490	https://www.dahlhondaonalaska.com/viewdetails/used/jm3kfbcm5s0555490/2025-mazda-cx-5-sport-utility/123?store={store_code}	GRAY	49658 miles	CX-5	JM3KFBCM5S0555490	2025	26389 USD	Honda	26389 USD	MI	no	Used
JM3KKCHD8T1353622	2026 Mazda CX-90 Premium Sport	Mazda	https://www.dahlhondaonalaska.com/viewdetails/used/jm3kkchd8t1353622/2026-mazda-cx-90-sport-utility/	37289 USD	2026 Platinum Quartz Mazda CX-90 Premium Sport Intercooled Turbo Gas/Electric I-6 3.3 L/200 For sale at Dahl Honda Onalaska in Onalaska Wisconsin.	https://content.homenetiol.com/2000157/2065512/0x0/e4aa4832fe2a44f9bcbcae422c8a9f16.jpg	in stock	USED	SUV	Vehicles & Parts > Vehicles > Motor Vehicles > Cars, Trucks & Vans	JM3KKCHD8T1353622	https://www.dahlhondaonalaska.com/viewdetails/used/jm3kkchd8t1353622/2026-mazda-cx-90-sport-utility/123?store={store_code}	WHITE	25989 miles	CX-90	JM3KKCHD8T1353622	2026	37289 USD	Honda	37289 USD	MI	no	Used
JM3TCBBY9N0625661	2022 Mazda CX-9 Sport	Mazda	https://www.dahlhondaonalaska.com/viewdetails/used/jm3tcbby9n0625661/2022-mazda-cx-9-sport-utility/	17399 USD	2022 Deep Crystal Blue Mica Mazda CX-9 Sport Intercooled Turbo Regular Unleaded I-4 2.5 L/152 For sale at Dahl Honda Onalaska in Onalaska Wisconsin.	https://content.homenetiol.com/2000157/2065512/0x0/7cc3d68a8a344a27a246900631fea143.jpg	in stock	USED	SUV	Vehicles & Parts > Vehicles > Motor Vehicles > Cars, Trucks & Vans	JM3TCBBY9N0625661	https://www.dahlhondaonalaska.com/viewdetails/used/jm3tcbby9n0625661/2022-mazda-cx-9-sport-utility/123?store={store_code}	BLUE	107139 miles	CX-9	JM3TCBBY9N0625661	2022	17399 USD	Honda	17399 USD	MI	no	Used
JN8BT3BB4RW423775	2024 Nissan Rogue SV	Nissan	https://www.dahlhondaonalaska.com/viewdetails/used/jn8bt3bb4rw423775/2024-nissan-rogue-sport-utility/	21390 USD	2024 Gun Metallic Nissan Rogue SV Intercooled Turbo Regular Unleaded I-3 1.5 L/91 For sale at Dahl Honda Onalaska in Onalaska Wisconsin.	https://content.homenetiol.com/2000157/2065512/0x0/8e2c026b540e4375b7b73f02bdba3247.jpg	in stock	USED	SUV	Vehicles & Parts > Vehicles > Motor Vehicles > Cars, Trucks & Vans	JN8BT3BB4RW423775	https://www.dahlhondaonalaska.com/viewdetails/used/jn8bt3bb4rw423775/2024-nissan-rogue-sport-utility/123?store={store_code}	GRAY	45232 miles	Rogue	JN8BT3BB4RW423775	2024	21390 USD	Honda	21390 USD	MI	no	Used
JN8BT3BB6PW196084	2023 Nissan Rogue SV	Nissan	https://www.dahlhondaonalaska.com/viewdetails/used/jn8bt3bb6pw196084/2023-nissan-rogue-sport-utility/	20389 USD	2023 Caspian Blue Metallic Nissan Rogue SV Intercooled Turbo Regular Unleaded I-3 1.5 L/91 For sale at Dahl Honda Onalaska in Onalaska Wisconsin.	https://content.homenetiol.com/2000157/2065512/0x0/e5aa0345e4284be8979ce85159191d6f.jpg	in stock	USED	SUV	Vehicles & Parts > Vehicles > Motor Vehicles > Cars, Trucks & Vans	JN8BT3BB6PW196084	https://www.dahlhondaonalaska.com/viewdetails/used/jn8bt3bb6pw196084/2023-nissan-rogue-sport-utility/123?store={store_code}	BLUE	48836 miles	Rogue	JN8BT3BB6PW196084	2023	20389 USD	Honda	20389 USD	MI	no	Used
JTDS4RCE1LJ042166	2020 Toyota Corolla SE	Toyota	https://www.dahlhondaonalaska.com/viewdetails/used/jtds4rce1lj042166/2020-toyota-corolla-4dr-car/	19389 USD	2020 Celestite Gray Metallic Toyota Corolla SE Regular Unleaded I-4 2.0 L/121 For sale at Dahl Honda Onalaska in Onalaska Wisconsin.	https://content.homenetiol.com/2000157/2065512/0x0/aa2acf339ba44e269cdfcb8b27ae87e5.jpg	in stock	USED	OTHER	Vehicles & Parts > Vehicles > Motor Vehicles > Cars, Trucks & Vans	JTDS4RCE1LJ042166	https://www.dahlhondaonalaska.com/viewdetails/used/jtds4rce1lj042166/2020-toyota-corolla-4dr-car/123?store={store_code}	GRAY	78484 miles	Corolla	JTDS4RCE1LJ042166	2020	19389 USD	Honda	19389 USD	MI	no	Used
KL79MPS24RB102922	2024 Chevrolet Trailblazer LT	Chevrolet	https://www.dahlhondaonalaska.com/viewdetails/used/kl79mps24rb102922/2024-chevrolet-trailblazer-sport-utility/	16889 USD	2024 Crimson Metallic Chevrolet Trailblazer LT Gas I3 1.2L/ For sale at Dahl Honda Onalaska in Onalaska Wisconsin.	https://content.homenetiol.com/2000157/2065512/0x0/605713217c5440b1b02906d93dbcae28.jpg	in stock	USED	SUV	Vehicles & Parts > Vehicles > Motor Vehicles > Cars, Trucks & Vans	KL79MPS24RB102922	https://www.dahlhondaonalaska.com/viewdetails/used/kl79mps24rb102922/2024-chevrolet-trailblazer-sport-utility/123?store={store_code}	RED	94162 miles	Trailblazer	KL79MPS24RB102922	2024	16889 USD	Honda	16889 USD	MI	no	Used
KL79MRSL5RB138817	2024 Chevrolet Trailblazer LT	Chevrolet	https://www.dahlhondaonalaska.com/viewdetails/used/kl79mrsl5rb138817/2024-chevrolet-trailblazer-sport-utility/	20398 USD	2024 Sterling Gray Metallic Chevrolet Trailblazer LT Gas I3 1.3L/ For sale at Dahl Honda Onalaska in Onalaska Wisconsin.	https://content.homenetiol.com/2000157/2065512/0x0/ec3082d85196487dab13eaac04b48d5e.jpg	in stock	USED	SUV	Vehicles & Parts > Vehicles > Motor Vehicles > Cars, Trucks & Vans	KL79MRSL5RB138817	https://www.dahlhondaonalaska.com/viewdetails/used/kl79mrsl5rb138817/2024-chevrolet-trailblazer-sport-utility/123?store={store_code}	SILVER	55025 miles	Trailblazer	KL79MRSL5RB138817	2024	20398 USD	Honda	20398 USD	MI	no	Used
KMHL64JA2SA474504	2025 Hyundai Sonata SEL	Hyundai	https://www.dahlhondaonalaska.com/viewdetails/used/kmhl64ja2sa474504/2025-hyundai-sonata-4dr-car/	22389 USD	2025 Carbon Blue Hyundai Sonata SEL Regular Gasoline I-4 2.5 L/152 For sale at Dahl Honda Onalaska in Onalaska Wisconsin.	https://content.homenetiol.com/2000157/2065512/0x0/daac9dc63521404c8e5a723d2e97e69c.jpg	in stock	USED	OTHER	Vehicles & Parts > Vehicles > Motor Vehicles > Cars, Trucks & Vans	KMHL64JA2SA474504	https://www.dahlhondaonalaska.com/viewdetails/used/kmhl64ja2sa474504/2025-hyundai-sonata-4dr-car/123?store={store_code}	BLUE	48291 miles	Sonata	KMHL64JA2SA474504	2025	22389 USD	Honda	22389 USD	MI	no	Used
KMHLP4DG6SU883715	2025 Hyundai Elantra Limited	Hyundai	https://www.dahlhondaonalaska.com/viewdetails/used/kmhlp4dg6su883715/2025-hyundai-elantra-4dr-car/	21399 USD	2025 Ultimate Red Hyundai Elantra Limited Regular Gasoline I-4 2.0 L/122 For sale at Dahl Honda Onalaska in Onalaska Wisconsin.	https://content.homenetiol.com/2000157/2065512/0x0/780dbded94cb400c821bbd679bd85119.jpg	in stock	USED	OTHER	Vehicles & Parts > Vehicles > Motor Vehicles > Cars, Trucks & Vans	KMHLP4DG6SU883715	https://www.dahlhondaonalaska.com/viewdetails/used/kmhlp4dg6su883715/2025-hyundai-elantra-4dr-car/123?store={store_code}	RED	58830 miles	Elantra	KMHLP4DG6SU883715	2025	21399 USD	Honda	21399 USD	MI	no	Used
