id	title	brand	link	vehicle MSRP	description	image_link	availability	condition	product_type	google_product_category	MPN	link_template	color	mileage	model	vin	year	price	store code	MSRP	mileage.unit
3MVDMBBM0RM701101	2024 Mazda CX-30 2.5 S Select Sport	Mazda	https://www.dahlauto.com/viewdetails/cpo/3mvdmbbm0rm701101/2024-mazda-cx-30-sport-utility/	24310 USD	2024 Ceramic Metallic Mazda CX-30 2.5 S Select Sport Regular Gasoline I-4 2.5 L/152 For sale at Dahl Automotive in La Crosse Wisconsin.	https://content.homenetiol.com/2003378/2286650/0x0/a1a98016720b4343afcdcbb1fa7dbd76.jpg	in stock	USED	SUV	Vehicles & Parts > Vehicles > Motor Vehicles > Cars, Trucks & Vans	3MVDMBBM0RM701101	https://www.dahlauto.com/viewdetails/cpo/3mvdmbbm0rm701101/2024-mazda-cx-30-sport-utility/123?store={store_code}	NA	27128 miles	CX-30	3MVDMBBM0RM701101	2024	24310 USD	Dahl Mazda	24310 USD	MI
4T1DAACK1SU525903	2025 Toyota Camry LE	Toyota	https://www.dahlauto.com/viewdetails/cpo/4t1daack1su525903/2025-toyota-camry-4dr-car/	26149 USD	2025 Underground Toyota Camry LE Gas/Electric I-4 2.5 L/152 For sale at Dahl Automotive in La Crosse Wisconsin.	https://content.homenetiol.com/2003378/2286653/0x0/02e4c0b75fea48ec843dfab006b1b2e6.jpg	in stock	USED	OTHER	Vehicles & Parts > Vehicles > Motor Vehicles > Cars, Trucks & Vans	4T1DAACK1SU525903	https://www.dahlauto.com/viewdetails/cpo/4t1daack1su525903/2025-toyota-camry-4dr-car/123?store={store_code}	NA	63830 miles	Camry	4T1DAACK1SU525903	2025	26149 USD	4273022751116927017	26149 USD	MI
4T1DAACK6TU273180	2026 Toyota Camry SE	Toyota	https://www.dahlauto.com/viewdetails/cpo/4t1daack6tu273180/2026-toyota-camry-4dr-car/	34000 USD	2026 Underground Toyota Camry SE Gas/Electric I-4 2.5 L/152 For sale at Dahl Automotive in La Crosse Wisconsin.	https://content.homenetiol.com/2003378/2286604/0x0/7e4dfa6fcccd4c7491466885e64b4f83.jpg	in stock	USED	OTHER	Vehicles & Parts > Vehicles > Motor Vehicles > Cars, Trucks & Vans	4T1DAACK6TU273180	https://www.dahlauto.com/viewdetails/cpo/4t1daack6tu273180/2026-toyota-camry-4dr-car/123?store={store_code}	NA	10234 miles	Camry	4T1DAACK6TU273180	2026	34000 USD	Toyota	34000 USD	MI
4T1DBADK9SU021904	2025 Toyota Camry LE	Toyota	https://www.dahlauto.com/viewdetails/cpo/4t1dbadk9su021904/2025-toyota-camry-4dr-car/	28199 USD	2025 Underground Toyota Camry LE Gas/Electric I-4 2.5 L/152 For sale at Dahl Automotive in La Crosse Wisconsin.	https://content.homenetiol.com/2003378/2286653/0x0/9b015a9d062449b69c63b4673241d03d.jpg	in stock	USED	OTHER	Vehicles & Parts > Vehicles > Motor Vehicles > Cars, Trucks & Vans	4T1DBADK9SU021904	https://www.dahlauto.com/viewdetails/cpo/4t1dbadk9su021904/2025-toyota-camry-4dr-car/123?store={store_code}	NA	75385 miles	Camry	4T1DBADK9SU021904	2025	28199 USD	4273022751116927017	28199 USD	MI
5FNRL6H67SB072537	2025 Honda Odyssey EX-L	Honda	https://www.dahlauto.com/viewdetails/cpo/5fnrl6h67sb072537/2025-honda-odyssey-mini-van,-passenger/	36113 USD	2025 Other Honda Odyssey EX-L Regular Gasoline V-6 3.5 L/212 For sale at Dahl Automotive in La Crosse Wisconsin.	https://content.homenetiol.com/2000157/2065512/0x0/414fc6e156434113a51b8b98fffc9ae0.jpg	in stock	USED	VAN	Vehicles & Parts > Vehicles > Motor Vehicles > Cars, Trucks & Vans	5FNRL6H67SB072537	https://www.dahlauto.com/viewdetails/cpo/5fnrl6h67sb072537/2025-honda-odyssey-mini-van,-passenger/123?store={store_code}	NA	50878 miles	Odyssey	5FNRL6H67SB072537	2025	36113 USD	208989	36113 USD	MI
5FNRL6H68SB080615	2025 Honda Odyssey EX-L	Honda	https://www.dahlauto.com/viewdetails/cpo/5fnrl6h68sb080615/2025-honda-odyssey-mini-van,-passenger/	36186 USD	2025 Other Honda Odyssey EX-L Regular Gasoline V-6 3.5 L/212 For sale at Dahl Automotive in La Crosse Wisconsin.	https://content.homenetiol.com/2000157/2065512/0x0/4049fe6c84bb40a3a027d3502b78a1aa.jpg	in stock	USED	VAN	Vehicles & Parts > Vehicles > Motor Vehicles > Cars, Trucks & Vans	5FNRL6H68SB080615	https://www.dahlauto.com/viewdetails/cpo/5fnrl6h68sb080615/2025-honda-odyssey-mini-van,-passenger/123?store={store_code}	NA	58985 miles	Odyssey	5FNRL6H68SB080615	2025	36186 USD	208989	36186 USD	MI
5FNRL6H72SB076164	2025 Honda Odyssey Sport-L	Honda	https://www.dahlauto.com/viewdetails/cpo/5fnrl6h72sb076164/2025-honda-odyssey-mini-van,-passenger/	36395 USD	2025 Other Honda Odyssey Sport-L Regular Gasoline V-6 3.5 L/212 For sale at Dahl Automotive in La Crosse Wisconsin.	https://content.homenetiol.com/2000157/2065512/0x0/c199ca9339784b7fbb5906abaa52ec4a.jpg	in stock	USED	VAN	Vehicles & Parts > Vehicles > Motor Vehicles > Cars, Trucks & Vans	5FNRL6H72SB076164	https://www.dahlauto.com/viewdetails/cpo/5fnrl6h72sb076164/2025-honda-odyssey-mini-van,-passenger/123?store={store_code}	NA	49123 miles	Odyssey	5FNRL6H72SB076164	2025	36395 USD	208989	36395 USD	MI
5TDESKFC5TS234147	2026 Toyota Sienna Platinum	Toyota	https://www.dahlauto.com/viewdetails/cpo/5tdeskfc5ts234147/2026-toyota-sienna-mini-van,-passenger/	59600 USD	2026 Other Toyota Sienna Platinum Gas/Electric I-4 2.5 L/152 For sale at Dahl Automotive in La Crosse Wisconsin.	https://content.homenetiol.com/2003378/2286604/0x0/c66dc28e1ebe42f784c70dc475b20aea.jpg	in stock	USED	VAN	Vehicles & Parts > Vehicles > Motor Vehicles > Cars, Trucks & Vans	5TDESKFC5TS234147	https://www.dahlauto.com/viewdetails/cpo/5tdeskfc5ts234147/2026-toyota-sienna-mini-van,-passenger/123?store={store_code}	NA	0 miles	Sienna	5TDESKFC5TS234147	2026	59600 USD	Toyota	59600 USD	MI
5TFPC5DB5NX009757	2022 Toyota Tundra 4WD TRD Pro Hybrid	Toyota	https://www.dahlauto.com/viewdetails/cpo/5tfpc5db5nx009757/2022-toyota-tundra-4wd-crew-cab-pickup/	47150 USD	2022 Other Toyota Tundra 4WD TRD Pro Hybrid Twin Turbo Gas/Electric V-6 3.4 L/210 For sale at Dahl Automotive in La Crosse Wisconsin.	https://content.homenetiol.com/2003378/2286604/0x0/ab015593e32e4d75ae5fba6780f58319.jpg	in stock	USED	TRUCK	Vehicles & Parts > Vehicles > Motor Vehicles > Cars, Trucks & Vans	5TFPC5DB5NX009757	https://www.dahlauto.com/viewdetails/cpo/5tfpc5db5nx009757/2022-toyota-tundra-4wd-crew-cab-pickup/123?store={store_code}	NA	87517 miles	Tundra 4WD	5TFPC5DB5NX009757	2022	47150 USD	Toyota	47150 USD	MI
19XFL2H81RE021418	2024 Honda Civic Hatchback Sport	Honda	https://www.dahlauto.com/viewdetails/cpo/19xfl2h81re021418/2024-honda-civic-hatchback-/	24389 USD	2024 Lunar Silver Metallic Honda Civic Sport Regular Unleaded I-4 2.0 L/122 For sale at Dahl Automotive in La Crosse Wisconsin.	https://content.homenetiol.com/2000157/2065512/0x0/23ba2990c7c844a59c9a62804a3909fb.jpg	in stock	USED	OTHER	Vehicles & Parts > Vehicles > Motor Vehicles > Cars, Trucks & Vans	19XFL2H81RE021418	https://www.dahlauto.com/viewdetails/cpo/19xfl2h81re021418/2024-honda-civic-hatchback-/123?store={store_code}	SILVER	51453 miles	Civic	19XFL2H81RE021418	2024	24389 USD	Honda	24389 USD	MI
1C4PJXEN0SW589284	2025 Jeep Wrangler Sahara	Jeep	https://www.dahlauto.com/viewdetails/cpo/1c4pjxen0sw589284/2025-jeep-wrangler-convertible/	34346 USD	2025 Firecracker Red Clearcoat Jeep Wrangler Sahara Intercooled Turbo Premium Gasoline I-4 2.0 L/122 For sale at Dahl Automotive in La Crosse Wisconsin.	https://content.homenetiol.com/2000157/2065512/0x0/a8af2c87da5a4ea69bf012897b5ca578.jpg	in stock	USED	SUV	Vehicles & Parts > Vehicles > Motor Vehicles > Cars, Trucks & Vans	1C4PJXEN0SW589284	https://www.dahlauto.com/viewdetails/cpo/1c4pjxen0sw589284/2025-jeep-wrangler-convertible/123?store={store_code}	RED	36396 miles	Wrangler	1C4PJXEN0SW589284	2025	34346 USD	60958	34346 USD	MI
1C4PJXFN9SW527316	2025 Jeep Wrangler Rubicon	Jeep	https://www.dahlauto.com/viewdetails/cpo/1c4pjxfn9sw527316/2025-jeep-wrangler-convertible/	37848 USD	2025 Hydro Blue Pearlcoat Jeep Wrangler Rubicon Intercooled Turbo Premium Gasoline I-4 2.0 L/122 For sale at Dahl Automotive in La Crosse Wisconsin.	https://content.homenetiol.com/2000157/2065512/0x0/c96f418783544aa5b0a9b3370ddf16ec.jpg	in stock	USED	SUV	Vehicles & Parts > Vehicles > Motor Vehicles > Cars, Trucks & Vans	1C4PJXFN9SW527316	https://www.dahlauto.com/viewdetails/cpo/1c4pjxfn9sw527316/2025-jeep-wrangler-convertible/123?store={store_code}	BLUE	39760 miles	Wrangler	1C4PJXFN9SW527316	2025	37848 USD	60958	37848 USD	MI
1C6SRFJP6TN255165	2026 RAM 1500 Laramie	RAM	https://www.dahlauto.com/viewdetails/cpo/1c6srfjp6tn255165/2026-ram-1500-crew-cab-pickup/	47548 USD	2026 Bright White Clearcoat RAM 1500 Laramie Twin Turbo Regular Gasoline I-6 3.0 L/183 For sale at Dahl Automotive in La Crosse Wisconsin.	https://content.homenetiol.com/2000157/2065512/0x0/152b784caeef49cf8b13d961cd926764.jpg	in stock	USED	TRUCK	Vehicles & Parts > Vehicles > Motor Vehicles > Cars, Trucks & Vans	1C6SRFJP6TN255165	https://www.dahlauto.com/viewdetails/cpo/1c6srfjp6tn255165/2026-ram-1500-crew-cab-pickup/123?store={store_code}	WHITE	20142 miles	1500	1C6SRFJP6TN255165	2026	47548 USD	60958	47548 USD	MI
2C4RC1BG2SR554552	2025 Chrysler Pacifica Select	Chrysler	https://www.dahlauto.com/viewdetails/cpo/2c4rc1bg2sr554552/2025-chrysler-pacifica-mini-van,-passenger/	26898 USD	2025 Bright White Clearcoat Chrysler Pacifica Select Regular Gasoline V-6 3.6 L/220 For sale at Dahl Automotive in La Crosse Wisconsin.	https://content.homenetiol.com/2000157/2065512/0x0/e26bd4c7fcb84c31a5345e7b8153d9ad.jpg	in stock	USED	VAN	Vehicles & Parts > Vehicles > Motor Vehicles > Cars, Trucks & Vans	2C4RC1BG2SR554552	https://www.dahlauto.com/viewdetails/cpo/2c4rc1bg2sr554552/2025-chrysler-pacifica-mini-van,-passenger/123?store={store_code}	WHITE	56436 miles	Pacifica	2C4RC1BG2SR554552	2025	26898 USD	60958	26898 USD	MI
2C4RC1BG3SR539185	2025 Chrysler Pacifica Select	Chrysler	https://www.dahlauto.com/viewdetails/cpo/2c4rc1bg3sr539185/2025-chrysler-pacifica-mini-van,-passenger/	26848 USD	2025 Bright White Clearcoat Chrysler Pacifica Select Regular Gasoline V-6 3.6 L/220 For sale at Dahl Automotive in La Crosse Wisconsin.	https://content.homenetiol.com/2000157/2065512/0x0/b89a98c33c6f4634a93a169f6f570702.jpg	in stock	USED	VAN	Vehicles & Parts > Vehicles > Motor Vehicles > Cars, Trucks & Vans	2C4RC1BG3SR539185	https://www.dahlauto.com/viewdetails/cpo/2c4rc1bg3sr539185/2025-chrysler-pacifica-mini-van,-passenger/123?store={store_code}	WHITE	60226 miles	Pacifica	2C4RC1BG3SR539185	2025	26848 USD	60958	26848 USD	MI
2C4RC1BG8SR513357	2025 Chrysler Pacifica Select	Chrysler	https://www.dahlauto.com/viewdetails/cpo/2c4rc1bg8sr513357/2025-chrysler-pacifica-mini-van,-passenger/	27248 USD	2025 Bright White Clearcoat Chrysler Pacifica Select Regular Gasoline V-6 3.6 L/220 For sale at Dahl Automotive in La Crosse Wisconsin.	https://content.homenetiol.com/2000157/2065512/0x0/7d61c9e77b0a4a24a0264b78a45c6503.jpg	in stock	USED	VAN	Vehicles & Parts > Vehicles > Motor Vehicles > Cars, Trucks & Vans	2C4RC1BG8SR513357	https://www.dahlauto.com/viewdetails/cpo/2c4rc1bg8sr513357/2025-chrysler-pacifica-mini-van,-passenger/123?store={store_code}	WHITE	45017 miles	Pacifica	2C4RC1BG8SR513357	2025	27248 USD	60958	27248 USD	MI
2C4RC1GG0SR548578	2025 Chrysler Pacifica Limited	Chrysler	https://www.dahlauto.com/viewdetails/cpo/2c4rc1gg0sr548578/2025-chrysler-pacifica-mini-van,-passenger/	34224 USD	2025 Ceramic Gray Clearcoat Chrysler Pacifica Limited Regular Gasoline V-6 3.6 L/220 For sale at Dahl Automotive in La Crosse Wisconsin.	https://content.homenetiol.com/2000157/2065512/0x0/0ebc0c770f7a42dea773ac17f893d80e.jpg	in stock	USED	VAN	Vehicles & Parts > Vehicles > Motor Vehicles > Cars, Trucks & Vans	2C4RC1GG0SR548578	https://www.dahlauto.com/viewdetails/cpo/2c4rc1gg0sr548578/2025-chrysler-pacifica-mini-van,-passenger/123?store={store_code}	GRAY	28799 miles	Pacifica	2C4RC1GG0SR548578	2025	34224 USD	60958	34224 USD	MI
2C4RC1GG8RR112331	2024 Chrysler Pacifica Limited	Chrysler	https://www.dahlauto.com/viewdetails/cpo/2c4rc1gg8rr112331/2024-chrysler-pacifica-mini-van,-passenger/	32348 USD	2024 Bright White Clearcoat Chrysler Pacifica Limited Regular Unleaded V-6 3.6 L/220 For sale at Dahl Automotive in La Crosse Wisconsin.	https://content.homenetiol.com/2000157/2065512/0x0/2192d00e71e34784b95cc6c3c72da054.jpg	in stock	USED	VAN	Vehicles & Parts > Vehicles > Motor Vehicles > Cars, Trucks & Vans	2C4RC1GG8RR112331	https://www.dahlauto.com/viewdetails/cpo/2c4rc1gg8rr112331/2024-chrysler-pacifica-mini-van,-passenger/123?store={store_code}	WHITE	42408 miles	Pacifica	2C4RC1GG8RR112331	2024	32348 USD	60958	32348 USD	MI
2C4RC1S76RR178934	2024 Chrysler Pacifica Hybrid Select	Chrysler	https://www.dahlauto.com/viewdetails/cpo/2c4rc1s76rr178934/2024-chrysler-pacifica-mini-van,-passenger/	24299 USD	2024 Silver Mist Clearcoat Chrysler Pacifica Hybrid Select Gas/Electric V-6 3.6 L/220 For sale at Dahl Automotive in La Crosse Wisconsin.	https://content.homenetiol.com/2000157/2065512/0x0/bbab5fefcbc14c02a34da27b43d85c52.jpg	in stock	USED	VAN	Vehicles & Parts > Vehicles > Motor Vehicles > Cars, Trucks & Vans	2C4RC1S76RR178934	https://www.dahlauto.com/viewdetails/cpo/2c4rc1s76rr178934/2024-chrysler-pacifica-mini-van,-passenger/123?store={store_code}	SILVER	57134 miles	Pacifica	2C4RC1S76RR178934	2024	24299 USD	60958	24299 USD	MI
2C4RC3BG9PR503634	2023 Chrysler Pacifica Touring L	Chrysler	https://www.dahlauto.com/viewdetails/cpo/2c4rc3bg9pr503634/2023-chrysler-pacifica-mini-van,-passenger/	35848 USD	2023 Bright White Clearcoat Chrysler Pacifica Touring L Regular Unleaded V-6 3.6 L/220 For sale at Dahl Automotive in La Crosse Wisconsin.	https://content.homenetiol.com/2000157/2065512/0x0/06458158e57f4ca9b705fe89298fe706.jpg	in stock	USED	VAN	Vehicles & Parts > Vehicles > Motor Vehicles > Cars, Trucks & Vans	2C4RC3BG9PR503634	https://www.dahlauto.com/viewdetails/cpo/2c4rc3bg9pr503634/2023-chrysler-pacifica-mini-van,-passenger/123?store={store_code}	WHITE	46268 miles	Pacifica	2C4RC3BG9PR503634	2023	35848 USD	60958	35848 USD	MI
2HGFE1E51SH474982	2025 Honda Civic Si SI	Honda	https://www.dahlauto.com/viewdetails/cpo/2hgfe1e51sh474982/2025-honda-civic-si-4dr-car/	31389 USD	2025 Platinum White Pearl Honda Civic Si SI Intercooled Turbo Premium Gasoline I-4 1.5 L/91 For sale at Dahl Automotive in La Crosse Wisconsin.	https://content.homenetiol.com/2000157/2065512/0x0/0f8965a2023542b8a251ffd63d8fa144.jpg	in stock	USED	OTHER	Vehicles & Parts > Vehicles > Motor Vehicles > Cars, Trucks & Vans	2HGFE1E51SH474982	https://www.dahlauto.com/viewdetails/cpo/2hgfe1e51sh474982/2025-honda-civic-si-4dr-car/123?store={store_code}	WHITE	16024 miles	Civic Si	2HGFE1E51SH474982	2025	31389 USD	Honda	31389 USD	MI
2HGFE1F97RH302824	2024 Honda Civic Sedan Touring	Honda	https://www.dahlauto.com/viewdetails/cpo/2hgfe1f97rh302824/2024-honda-civic-sedan-4dr-car/	27654 USD	2024 Platinum White Pearl Honda Civic Touring Intercooled Turbo Premium Unleaded I-4 1.5 L/91 For sale at Dahl Automotive in La Crosse Wisconsin.	https://content.homenetiol.com/2000157/2065512/0x0/27e4af27bdab4885962cf97df0c232c1.jpg	in stock	USED	OTHER	Vehicles & Parts > Vehicles > Motor Vehicles > Cars, Trucks & Vans	2HGFE1F97RH302824	https://www.dahlauto.com/viewdetails/cpo/2hgfe1f97rh302824/2024-honda-civic-sedan-4dr-car/123?store={store_code}	WHITE	32411 miles	Civic	2HGFE1F97RH302824	2024	27654 USD	6029718484885115640	27654 USD	MI
2HKRS4H43RH422019	2024 Honda CR-V EX	Honda	https://www.dahlauto.com/viewdetails/cpo/2hkrs4h43rh422019/2024-honda-cr-v-sport-utility/	31389 USD	2024 Platinum White Pearl Honda CR-V EX Intercooled Turbo Regular Unleaded I-4 1.5 L/91 For sale at Dahl Automotive in La Crosse Wisconsin.	https://content.homenetiol.com/2000157/2065512/0x0/49f80f570fda4b23a85de9aaba96c287.jpg	in stock	USED	SUV	Vehicles & Parts > Vehicles > Motor Vehicles > Cars, Trucks & Vans	2HKRS4H43RH422019	https://www.dahlauto.com/viewdetails/cpo/2hkrs4h43rh422019/2024-honda-cr-v-sport-utility/123?store={store_code}	WHITE	39900 miles	CR-V	2HKRS4H43RH422019	2024	31389 USD	Honda	31389 USD	MI
2HKRS4H48TH431080	2026 Honda CR-V EX	Honda	https://www.dahlauto.com/viewdetails/cpo/2hkrs4h48th431080/2026-honda-cr-v-sport-utility/	34389 USD	2026 Crystal Black Pearl Honda CR-V EX Intercooled Turbo Regular Gasoline I-4 1.5 L/91 For sale at Dahl Automotive in La Crosse Wisconsin.	https://content.homenetiol.com/2000157/2065512/0x0/d5c1c1b5ebbf4108b15f99b6213adf50.jpg	in stock	USED	SUV	Vehicles & Parts > Vehicles > Motor Vehicles > Cars, Trucks & Vans	2HKRS4H48TH431080	https://www.dahlauto.com/viewdetails/cpo/2hkrs4h48th431080/2026-honda-cr-v-sport-utility/123?store={store_code}	BLACK	11479 miles	CR-V	2HKRS4H48TH431080	2026	34389 USD	Honda	34389 USD	MI
2T36CRAV2TW007418	2026 Toyota RAV4 XLE Premium	Toyota	https://www.dahlauto.com/viewdetails/cpo/2t36crav2tw007418/2026-toyota-rav4-sport-utility/	42399 USD	2026 Midnight Black Metallic Toyota RAV4 XLE Premium Gas/Electric I-4 2.5 L/152 For sale at Dahl Automotive in La Crosse Wisconsin.	https://content.homenetiol.com/2003378/2286653/0x0/stock_images/5/2026TOS11_640/2026TOS112033662_640_01.jpg	in stock	USED	SUV	Vehicles & Parts > Vehicles > Motor Vehicles > Cars, Trucks & Vans	2T36CRAV2TW007418	https://www.dahlauto.com/viewdetails/cpo/2t36crav2tw007418/2026-toyota-rav4-sport-utility/123?store={store_code}	BLACK	13201 miles	RAV4	2T36CRAV2TW007418	2026	42399 USD	4273022751116927017	42399 USD	MI
2T3A1RFV2PC352495	2023 Toyota RAV4 XLE Premium	Toyota	https://www.dahlauto.com/viewdetails/cpo/2t3a1rfv2pc352495/2023-toyota-rav4-sport-utility/	36149 USD	2023 Silver Sky Metallic Toyota RAV4 XLE Premium Regular Unleaded I-4 2.5 L/152 For sale at Dahl Automotive in La Crosse Wisconsin.	https://content.homenetiol.com/2003378/2286653/0x0/de10cdc4f15843e1bee6d7a71a8e88cf.jpg	in stock	USED	SUV	Vehicles & Parts > Vehicles > Motor Vehicles > Cars, Trucks & Vans	2T3A1RFV2PC352495	https://www.dahlauto.com/viewdetails/cpo/2t3a1rfv2pc352495/2023-toyota-rav4-sport-utility/123?store={store_code}	SILVER	25526 miles	RAV4	2T3A1RFV2PC352495	2023	36149 USD	4273022751116927017	36149 USD	MI
2T3J1RFV2RW463260	2024 Toyota RAV4 Adventure	Toyota	https://www.dahlauto.com/viewdetails/cpo/2t3j1rfv2rw463260/2024-toyota-rav4-sport-utility/	32299 USD	2024 Midnight Black Metallic Toyota RAV4 Adventure Regular Gasoline I-4 2.5 L/152 For sale at Dahl Automotive in La Crosse Wisconsin.	https://content.homenetiol.com/2003378/2286653/0x0/9edca062d94c4e6d86b9b2610be0b99a.jpg	in stock	USED	SUV	Vehicles & Parts > Vehicles > Motor Vehicles > Cars, Trucks & Vans	2T3J1RFV2RW463260	https://www.dahlauto.com/viewdetails/cpo/2t3j1rfv2rw463260/2024-toyota-rav4-sport-utility/123?store={store_code}	BLACK	50200 miles	RAV4	2T3J1RFV2RW463260	2024	32299 USD	4273022751116927017	32299 USD	MI
2T3LWRFVXSW268653	2025 Toyota RAV4 Hybrid LE	Toyota	https://www.dahlauto.com/viewdetails/cpo/2t3lwrfvxsw268653/2025-toyota-rav4-sport-utility/	33599 USD	2025 Ice Cap Toyota RAV4 Hybrid LE Gas/Electric I-4 2.5 L/152 For sale at Dahl Automotive in La Crosse Wisconsin.	https://content.homenetiol.com/2003378/2286653/0x0/75158a27c9084f9184ae0b7413ced687.jpg	in stock	USED	SUV	Vehicles & Parts > Vehicles > Motor Vehicles > Cars, Trucks & Vans	2T3LWRFVXSW268653	https://www.dahlauto.com/viewdetails/cpo/2t3lwrfvxsw268653/2025-toyota-rav4-sport-utility/123?store={store_code}	WHITE	34568 miles	RAV4	2T3LWRFVXSW268653	2025	33599 USD	4273022751116927017	33599 USD	MI
2T3P1RFV1SW509001	2025 Toyota RAV4 XLE	Toyota	https://www.dahlauto.com/viewdetails/cpo/2t3p1rfv1sw509001/2025-toyota-rav4-sport-utility/	32699 USD	2025 Magnetic Gray Metallic Toyota RAV4 XLE Regular Gasoline I-4 2.5 L/152 For sale at Dahl Automotive in La Crosse Wisconsin.	https://content.homenetiol.com/2003378/2286653/0x0/02940586ba4b43f3b8e5beea960215e0.jpg	in stock	USED	SUV	Vehicles & Parts > Vehicles > Motor Vehicles > Cars, Trucks & Vans	2T3P1RFV1SW509001	https://www.dahlauto.com/viewdetails/cpo/2t3p1rfv1sw509001/2025-toyota-rav4-sport-utility/123?store={store_code}	GRAY	40350 miles	RAV4	2T3P1RFV1SW509001	2025	32699 USD	4273022751116927017	32699 USD	MI
2T3P1RFV2SC514449	2025 Toyota RAV4 XLE	Toyota	https://www.dahlauto.com/viewdetails/cpo/2t3p1rfv2sc514449/2025-toyota-rav4-sport-utility/	31990 USD	2025 Silver Sky Metallic Toyota RAV4 XLE Regular Gasoline I-4 2.5 L/152 For sale at Dahl Automotive in La Crosse Wisconsin.	https://content.homenetiol.com/2003378/2286604/0x0/50dbb774928c48f587c915e0048a8dd1.jpg	in stock	USED	SUV	Vehicles & Parts > Vehicles > Motor Vehicles > Cars, Trucks & Vans	2T3P1RFV2SC514449	https://www.dahlauto.com/viewdetails/cpo/2t3p1rfv2sc514449/2025-toyota-rav4-sport-utility/123?store={store_code}	SILVER	32473 miles	RAV4	2T3P1RFV2SC514449	2025	31990 USD	Toyota	31990 USD	MI
2T3P1RFV2SW522436	2025 Toyota RAV4 XLE	Toyota	https://www.dahlauto.com/viewdetails/cpo/2t3p1rfv2sw522436/2025-toyota-rav4-sport-utility/	33299 USD	2025 Magnetic Gray Metallic Toyota RAV4 XLE Regular Gasoline I-4 2.5 L/152 For sale at Dahl Automotive in La Crosse Wisconsin.	https://content.homenetiol.com/2003378/2286653/0x0/d3f1a4d3c537422f826cff2678a2c20f.jpg	in stock	USED	SUV	Vehicles & Parts > Vehicles > Motor Vehicles > Cars, Trucks & Vans	2T3P1RFV2SW522436	https://www.dahlauto.com/viewdetails/cpo/2t3p1rfv2sw522436/2025-toyota-rav4-sport-utility/123?store={store_code}	GRAY	34562 miles	RAV4	2T3P1RFV2SW522436	2025	33299 USD	4273022751116927017	33299 USD	MI
2T3P1RFV4SC516140	2025 Toyota RAV4 XLE	Toyota	https://www.dahlauto.com/viewdetails/cpo/2t3p1rfv4sc516140/2025-toyota-rav4-sport-utility/	33199 USD	2025 Midnight Black Metallic Toyota RAV4 XLE Regular Gasoline I-4 2.5 L/152 For sale at Dahl Automotive in La Crosse Wisconsin.	https://content.homenetiol.com/2003378/2286653/0x0/330632f652fa41d5bc89888cd878c6e7.jpg	in stock	USED	SUV	Vehicles & Parts > Vehicles > Motor Vehicles > Cars, Trucks & Vans	2T3P1RFV4SC516140	https://www.dahlauto.com/viewdetails/cpo/2t3p1rfv4sc516140/2025-toyota-rav4-sport-utility/123?store={store_code}	BLACK	36626 miles	RAV4	2T3P1RFV4SC516140	2025	33199 USD	4273022751116927017	33199 USD	MI
2T3P1RFV5PC348838	2023 Toyota RAV4 XLE	Toyota	https://www.dahlauto.com/viewdetails/cpo/2t3p1rfv5pc348838/2023-toyota-rav4-sport-utility/	28600 USD	2023 Midnight Black Metallic Toyota RAV4 XLE Regular Unleaded I-4 2.5 L/152 For sale at Dahl Automotive in La Crosse Wisconsin.	https://content.homenetiol.com/2003378/2286604/0x0/5e34847d8f2c4cd4a6f7686a68d22b74.jpg	in stock	USED	SUV	Vehicles & Parts > Vehicles > Motor Vehicles > Cars, Trucks & Vans	2T3P1RFV5PC348838	https://www.dahlauto.com/viewdetails/cpo/2t3p1rfv5pc348838/2023-toyota-rav4-sport-utility/123?store={store_code}	BLACK	85295 miles	RAV4	2T3P1RFV5PC348838	2023	28600 USD	Toyota	28600 USD	MI
2T3P1RFV7SW565279	2025 Toyota RAV4 XLE	Toyota	https://www.dahlauto.com/viewdetails/cpo/2t3p1rfv7sw565279/2025-toyota-rav4-sport-utility/	33750 USD	2025 Silver Sky Metallic Toyota RAV4 XLE Regular Gasoline I-4 2.5 L/152 For sale at Dahl Automotive in La Crosse Wisconsin.	https://content.homenetiol.com/2003378/2286604/0x0/09ce187cba2d47c3be1928b0bfee91fa.jpg	in stock	USED	SUV	Vehicles & Parts > Vehicles > Motor Vehicles > Cars, Trucks & Vans	2T3P1RFV7SW565279	https://www.dahlauto.com/viewdetails/cpo/2t3p1rfv7sw565279/2025-toyota-rav4-sport-utility/123?store={store_code}	SILVER	29611 miles	RAV4	2T3P1RFV7SW565279	2025	33750 USD	Toyota	33750 USD	MI
2T3P1RFV8SW532517	2025 Toyota RAV4 XLE	Toyota	https://www.dahlauto.com/viewdetails/cpo/2t3p1rfv8sw532517/2025-toyota-rav4-sport-utility/	33149 USD	2025 Ice Cap Toyota RAV4 XLE Regular Gasoline I-4 2.5 L/152 For sale at Dahl Automotive in La Crosse Wisconsin.	https://content.homenetiol.com/2003378/2286653/0x0/66aa61d2d87948b883e48e158d1bbe14.jpg	in stock	USED	SUV	Vehicles & Parts > Vehicles > Motor Vehicles > Cars, Trucks & Vans	2T3P1RFV8SW532517	https://www.dahlauto.com/viewdetails/cpo/2t3p1rfv8sw532517/2025-toyota-rav4-sport-utility/123?store={store_code}	WHITE	29030 miles	RAV4	2T3P1RFV8SW532517	2025	33149 USD	4273022751116927017	33149 USD	MI
2T3P1RFVXSW522376	2025 Toyota RAV4 XLE	Toyota	https://www.dahlauto.com/viewdetails/cpo/2t3p1rfvxsw522376/2025-toyota-rav4-sport-utility/	32399 USD	2025 Magnetic Gray Metallic Toyota RAV4 XLE Regular Gasoline I-4 2.5 L/152 For sale at Dahl Automotive in La Crosse Wisconsin.	https://content.homenetiol.com/2003378/2286653/0x0/ae43198ad8f0420ab4f45ecfe29ee59f.jpg	in stock	USED	SUV	Vehicles & Parts > Vehicles > Motor Vehicles > Cars, Trucks & Vans	2T3P1RFVXSW522376	https://www.dahlauto.com/viewdetails/cpo/2t3p1rfvxsw522376/2025-toyota-rav4-sport-utility/123?store={store_code}	GRAY	30829 miles	RAV4	2T3P1RFVXSW522376	2025	32399 USD	4273022751116927017	32399 USD	MI
3C4NJDBN6ST617881	2025 Jeep Compass Latitude	Jeep	https://www.dahlauto.com/viewdetails/cpo/3c4njdbn6st617881/2025-jeep-compass-sport-utility/	23638 USD	2025 Red Hot Pearlcoat Jeep Compass Latitude Intercooled Turbo Regular Gasoline I-4 2.0 L/122 For sale at Dahl Automotive in La Crosse Wisconsin.	https://content.homenetiol.com/2000157/2065512/0x0/46ba7b67c6c44181881efcd5b7ad14bc.jpg	in stock	USED	SUV	Vehicles & Parts > Vehicles > Motor Vehicles > Cars, Trucks & Vans	3C4NJDBN6ST617881	https://www.dahlauto.com/viewdetails/cpo/3c4njdbn6st617881/2025-jeep-compass-sport-utility/123?store={store_code}	RED	23426 miles	Compass	3C4NJDBN6ST617881	2025	23638 USD	60958	23638 USD	MI
3C4NJDBN7ST606033	2025 Jeep Compass Latitude	Jeep	https://www.dahlauto.com/viewdetails/cpo/3c4njdbn7st606033/2025-jeep-compass-sport-utility/	23346 USD	2025 Bright White Clearcoat Jeep Compass Latitude Intercooled Turbo Regular Gasoline I-4 2.0 L/122 For sale at Dahl Automotive in La Crosse Wisconsin.	https://content.homenetiol.com/2000157/2065512/0x0/ec2ba5a50c0747488b918ab4f980e0a2.jpg	in stock	USED	SUV	Vehicles & Parts > Vehicles > Motor Vehicles > Cars, Trucks & Vans	3C4NJDBN7ST606033	https://www.dahlauto.com/viewdetails/cpo/3c4njdbn7st606033/2025-jeep-compass-sport-utility/123?store={store_code}	WHITE	35839 miles	Compass	3C4NJDBN7ST606033	2025	23346 USD	60958	23346 USD	MI
3C63R3PL1TG166622	2026 RAM 3500 Limited	RAM	https://www.dahlauto.com/viewdetails/cpo/3c63r3pl1tg166622/2026-ram-3500-crew-cab-pickup/	85348 USD	2026 Diamond Black Crystal Pearlcoat RAM 3500 Limited Intercooled Turbo Diesel I-6 6.7 L/408 For sale at Dahl Automotive in La Crosse Wisconsin.	https://content.homenetiol.com/2000157/2065512/0x0/b02c410793b5429392167139ebf9cbcc.jpg	in stock	USED	TRUCK	Vehicles & Parts > Vehicles > Motor Vehicles > Cars, Trucks & Vans	3C63R3PL1TG166622	https://www.dahlauto.com/viewdetails/cpo/3c63r3pl1tg166622/2026-ram-3500-crew-cab-pickup/123?store={store_code}	BLACK	7602 miles	3500	3C63R3PL1TG166622	2026	85348 USD	60958	85348 USD	MI
3CZRZ2H53PM749739	2023 Honda HR-V Sport	Honda	https://www.dahlauto.com/viewdetails/cpo/3czrz2h53pm749739/2023-honda-hr-v-sport-utility/	24726 USD	2023 Platinum White Pearl Honda HR-V Sport Regular Unleaded I-4 2.0 L/122 For sale at Dahl Automotive in La Crosse Wisconsin.	https://content.homenetiol.com/2000157/2065512/0x0/9c83e05aaa504d57bf3d8f7e6b09e6c5.jpg	in stock	USED	SUV	Vehicles & Parts > Vehicles > Motor Vehicles > Cars, Trucks & Vans	3CZRZ2H53PM749739	https://www.dahlauto.com/viewdetails/cpo/3czrz2h53pm749739/2023-honda-hr-v-sport-utility/123?store={store_code}	WHITE	44760 miles	HR-V	3CZRZ2H53PM749739	2023	24726 USD	208989	24726 USD	MI
3HGGK5H85JM712245	2018 Honda Fit EX	Honda	https://www.dahlauto.com/viewdetails/cpo/3hggk5h85jm712245/2018-honda-fit-hatchback/	17123 USD	2018 Helios Yellow Pearl Honda Fit EX Regular Unleaded I-4 1.5 L/91 For sale at Dahl Automotive in La Crosse Wisconsin.	https://content.homenetiol.com/2000157/2065512/0x0/e64fe660d1bf4cbdb74c9cbddff7873b.jpg	in stock	USED	OTHER	Vehicles & Parts > Vehicles > Motor Vehicles > Cars, Trucks & Vans	3HGGK5H85JM712245	https://www.dahlauto.com/viewdetails/cpo/3hggk5h85jm712245/2018-honda-fit-hatchback/123?store={store_code}	YELLOW	64798 miles	Fit	3HGGK5H85JM712245	2018	17123 USD	208989	17123 USD	MI
3MVDMBBM1SM757179	2025 Mazda CX-30 2.5 S Select Sport	Mazda	https://www.dahlauto.com/viewdetails/cpo/3mvdmbbm1sm757179/2025-mazda-cx-30-sport-utility/	24399 USD	2025 Jet Black Mica Mazda CX-30 2.5 S Select Sport Regular Gasoline I-4 2.5 L/152 For sale at Dahl Automotive in La Crosse Wisconsin.	https://content.homenetiol.com/2003378/2286650/0x0/0680118627ce4cef8ccf3cf3aacc5aaa.jpg	in stock	USED	SUV	Vehicles & Parts > Vehicles > Motor Vehicles > Cars, Trucks & Vans	3MVDMBBM1SM757179	https://www.dahlauto.com/viewdetails/cpo/3mvdmbbm1sm757179/2025-mazda-cx-30-sport-utility/123?store={store_code}	BLACK	42756 miles	CX-30	3MVDMBBM1SM757179	2025	24399 USD	Dahl Mazda	24399 USD	MI
3MVDMBBM8SM801310	2025 Mazda CX-30 2.5 S Select Sport	Mazda	https://www.dahlauto.com/viewdetails/cpo/3mvdmbbm8sm801310/2025-mazda-cx-30-sport-utility/	24889 USD	2025 Aero Gray Metallic Mazda CX-30 2.5 S Select Sport Regular Gasoline I-4 2.5 L/152 For sale at Dahl Automotive in La Crosse Wisconsin.	https://content.homenetiol.com/2003378/2286650/0x0/e29fe142b6b64e99ab1a8eb92d226555.jpg	in stock	USED	SUV	Vehicles & Parts > Vehicles > Motor Vehicles > Cars, Trucks & Vans	3MVDMBBM8SM801310	https://www.dahlauto.com/viewdetails/cpo/3mvdmbbm8sm801310/2025-mazda-cx-30-sport-utility/123?store={store_code}	GRAY	38565 miles	CX-30	3MVDMBBM8SM801310	2025	24889 USD	Dahl Mazda	24889 USD	MI
3MVDMBDM8SM849225	2025 Mazda CX-30 2.5 S Premium Package	Mazda	https://www.dahlauto.com/viewdetails/cpo/3mvdmbdm8sm849225/2025-mazda-cx-30-sport-utility/	30389 USD	2025 Deep Crystal Blue Mica Mazda CX-30 2.5 S Premium Package Regular Gasoline I-4 2.5 L/152 For sale at Dahl Automotive in La Crosse Wisconsin.	https://content.homenetiol.com/2003378/2286650/0x0/b7dc82c57fd84241913ce1ec5bd68556.jpg	in stock	USED	SUV	Vehicles & Parts > Vehicles > Motor Vehicles > Cars, Trucks & Vans	3MVDMBDM8SM849225	https://www.dahlauto.com/viewdetails/cpo/3mvdmbdm8sm849225/2025-mazda-cx-30-sport-utility/123?store={store_code}	BLUE	7567 miles	CX-30	3MVDMBDM8SM849225	2025	30389 USD	Dahl Mazda	30389 USD	MI
3TMLB5JN6RM004482	2024 Toyota Tacoma 4WD TRD Off Road	Toyota	https://www.dahlauto.com/viewdetails/cpo/3tmlb5jn6rm004482/2024-toyota-tacoma-4wd-crew-cab-pickup/	40899 USD	2024 Ice Cap Toyota Tacoma 4WD TRD Off Road Intercooled Turbo Regular Gasoline I-4 2.4 L/146 For sale at Dahl Automotive in La Crosse Wisconsin.	https://content.homenetiol.com/2003378/2286653/0x0/9bead9d9792e419281c77dd1df7ca536.jpg	in stock	USED	TRUCK	Vehicles & Parts > Vehicles > Motor Vehicles > Cars, Trucks & Vans	3TMLB5JN6RM004482	https://www.dahlauto.com/viewdetails/cpo/3tmlb5jn6rm004482/2024-toyota-tacoma-4wd-crew-cab-pickup/123?store={store_code}	WHITE	47110 miles	Tacoma 4WD	3TMLB5JN6RM004482	2024	40899 USD	4273022751116927017	40899 USD	MI
3TMLB5JN9RM033233	2024 Toyota Tacoma 4WD TRD Off Road	Toyota	https://www.dahlauto.com/viewdetails/cpo/3tmlb5jn9rm033233/2024-toyota-tacoma-4wd-crew-cab-pickup/	39149 USD	2024 Ice Cap Toyota Tacoma 4WD TRD Off Road Intercooled Turbo Regular Gasoline I-4 2.4 L/146 For sale at Dahl Automotive in La Crosse Wisconsin.	https://content.homenetiol.com/2003378/2286653/0x0/9f4bb0e63bcf44eb9f73e7038aabe859.jpg	in stock	USED	TRUCK	Vehicles & Parts > Vehicles > Motor Vehicles > Cars, Trucks & Vans	3TMLB5JN9RM033233	https://www.dahlauto.com/viewdetails/cpo/3tmlb5jn9rm033233/2024-toyota-tacoma-4wd-crew-cab-pickup/123?store={store_code}	WHITE	51185 miles	Tacoma 4WD	3TMLB5JN9RM033233	2024	39149 USD	4273022751116927017	39149 USD	MI
4S4BTACCXR3193616	2024 Subaru Outback Premium	Subaru	https://www.dahlauto.com/viewdetails/cpo/4s4btaccxr3193616/2024-subaru-outback-sport-utility/	27999 USD	2024 Cosmic Blue Pearl Subaru Outback Premium Regular Gasoline H-4 2.5 L/152 For sale at Dahl Automotive in La Crosse Wisconsin.	https://content.homenetiol.com/2003378/2286650/0x0/f5bcc740a811446aa17f98e7b256bcb9.jpg	in stock	USED	SUV	Vehicles & Parts > Vehicles > Motor Vehicles > Cars, Trucks & Vans	4S4BTACCXR3193616	https://www.dahlauto.com/viewdetails/cpo/4s4btaccxr3193616/2024-subaru-outback-sport-utility/123?store={store_code}	BLUE	35760 miles	Outback	4S4BTACCXR3193616	2024	27999 USD	DAHLSUBARU	27999 USD	MI
4S4BTALC6R3142677	2024 Subaru Outback Onyx Edition	Subaru	https://www.dahlauto.com/viewdetails/cpo/4s4btalc6r3142677/2024-subaru-outback-sport-utility/	29799 USD	2024 Ice Silver Metallic Subaru Outback Onyx Edition Regular Gasoline H-4 2.5 L/152 For sale at Dahl Automotive in La Crosse Wisconsin.	https://content.homenetiol.com/2003378/2286653/0x0/f807078054364fcea43305336e4fdef4.jpg	in stock	USED	SUV	Vehicles & Parts > Vehicles > Motor Vehicles > Cars, Trucks & Vans	4S4BTALC6R3142677	https://www.dahlauto.com/viewdetails/cpo/4s4btalc6r3142677/2024-subaru-outback-sport-utility/123?store={store_code}	SILVER	28595 miles	Outback	4S4BTALC6R3142677	2024	29799 USD	DAHLSUBSHB	29799 USD	MI
4S4BTALCXS3185098	2025 Subaru Outback Onyx Edition	Subaru	https://www.dahlauto.com/viewdetails/cpo/4s4btalcxs3185098/2025-subaru-outback-sport-utility/	29999 USD	2025 Autumn Green Metallic Subaru Outback Onyx Edition Regular Gasoline H-4 2.5 L/152 For sale at Dahl Automotive in La Crosse Wisconsin.	https://content.homenetiol.com/2003378/2286650/0x0/1a99c59e3e93486ebd90f4d729b91569.jpg	in stock	USED	SUV	Vehicles & Parts > Vehicles > Motor Vehicles > Cars, Trucks & Vans	4S4BTALCXS3185098	https://www.dahlauto.com/viewdetails/cpo/4s4btalcxs3185098/2025-subaru-outback-sport-utility/123?store={store_code}	GREEN	37573 miles	Outback	4S4BTALCXS3185098	2025	29999 USD	DAHLSUBARU	29999 USD	MI
4S4BTANC9R3157073	2024 Subaru Outback Limited	Subaru	https://www.dahlauto.com/viewdetails/cpo/4s4btanc9r3157073/2024-subaru-outback-sport-utility/	29389 USD	2024 Crystal White Pearl Subaru Outback Limited Regular Gasoline H-4 2.5 L/152 For sale at Dahl Automotive in La Crosse Wisconsin.	https://content.homenetiol.com/2003378/2286650/0x0/3529bf9cfc4d44658d63bdc20ac656e2.jpg	in stock	USED	SUV	Vehicles & Parts > Vehicles > Motor Vehicles > Cars, Trucks & Vans	4S4BTANC9R3157073	https://www.dahlauto.com/viewdetails/cpo/4s4btanc9r3157073/2024-subaru-outback-sport-utility/123?store={store_code}	WHITE	28974 miles	Outback	4S4BTANC9R3157073	2024	29389 USD	DAHLSUBARU	29389 USD	MI
4S4BTAPC9R3143607	2024 Subaru Outback Touring	Subaru	https://www.dahlauto.com/viewdetails/cpo/4s4btapc9r3143607/2024-subaru-outback-sport-utility/	32195 USD	2024 Dark Mahogany Pearl Subaru Outback Touring Regular Gasoline H-4 2.5 L/152 For sale at Dahl Automotive in La Crosse Wisconsin.	https://content.homenetiol.com/2003378/2286653/0x0/40f64cf2f1f34ec186fe32fe0cb74799.jpg	in stock	USED	SUV	Vehicles & Parts > Vehicles > Motor Vehicles > Cars, Trucks & Vans	4S4BTAPC9R3143607	https://www.dahlauto.com/viewdetails/cpo/4s4btapc9r3143607/2024-subaru-outback-sport-utility/123?store={store_code}	BROWN	22375 miles	Outback	4S4BTAPC9R3143607	2024	32195 USD	DAHLSUBSHB	32195 USD	MI
4S4BTGNDXN3219649	2022 Subaru Outback Limited XT	Subaru	https://www.dahlauto.com/viewdetails/cpo/4s4btgndxn3219649/2022-subaru-outback-sport-utility/	28889 USD	2022 Brilliant Bronze Metallic Subaru Outback Limited XT Intercooled Turbo Regular Unleaded H-4 2.4 L/146 For sale at Dahl Automotive in La Crosse Wisconsin.	https://content.homenetiol.com/2003378/2286650/0x0/c6f0bcdc570e462ab809a4c0e1b24ee0.jpg	in stock	USED	SUV	Vehicles & Parts > Vehicles > Motor Vehicles > Cars, Trucks & Vans	4S4BTGNDXN3219649	https://www.dahlauto.com/viewdetails/cpo/4s4btgndxn3219649/2022-subaru-outback-sport-utility/123?store={store_code}	BRONZE	20694 miles	Outback	4S4BTGNDXN3219649	2022	28889 USD	DAHLSUBARU	28889 USD	MI
4S4BTGPDXM3227293	2021 Subaru Outback Touring XT	Subaru	https://www.dahlauto.com/viewdetails/cpo/4s4btgpdxm3227293/2021-subaru-outback-sport-utility/	27999 USD	2021 Crystal Black Silica Subaru Outback Touring XT Intercooled Turbo Regular Unleaded H-4 2.4 L/146 For sale at Dahl Automotive in La Crosse Wisconsin.	https://content.homenetiol.com/2003378/2286650/0x0/959bae178421476fbfe2538462787cfa.jpg	in stock	USED	SUV	Vehicles & Parts > Vehicles > Motor Vehicles > Cars, Trucks & Vans	4S4BTGPDXM3227293	https://www.dahlauto.com/viewdetails/cpo/4s4btgpdxm3227293/2021-subaru-outback-sport-utility/123?store={store_code}	BLACK	42198 miles	Outback	4S4BTGPDXM3227293	2021	27999 USD	DAHLSUBARU	27999 USD	MI
4S4GUHL62T3707780	2026 Subaru Crosstrek Limited	Subaru	https://www.dahlauto.com/viewdetails/cpo/4s4guhl62t3707780/2026-subaru-crosstrek-sport-utility/	29649 USD	2026 Crystal White Pearl Subaru Crosstrek Limited Regular Gasoline H-4 2.5 L/152 For sale at Dahl Automotive in La Crosse Wisconsin.	https://content.homenetiol.com/2003378/2286653/0x0/334e2f18a5234f269dd5f90a3534a551.jpg	in stock	USED	SUV	Vehicles & Parts > Vehicles > Motor Vehicles > Cars, Trucks & Vans	4S4GUHL62T3707780	https://www.dahlauto.com/viewdetails/cpo/4s4guhl62t3707780/2026-subaru-crosstrek-sport-utility/123?store={store_code}	WHITE	10925 miles	Crosstrek	4S4GUHL62T3707780	2026	29649 USD	DAHLSUBSHB	29649 USD	MI
4S4GUHL63R3711538	2024 Subaru Crosstrek Limited	Subaru	https://www.dahlauto.com/viewdetails/cpo/4s4guhl63r3711538/2024-subaru-crosstrek-sport-utility/	28399 USD	2024 Alpine Green Subaru Crosstrek Limited Regular Gasoline H-4 2.5 L/152 For sale at Dahl Automotive in La Crosse Wisconsin.	https://content.homenetiol.com/2003378/2286653/0x0/e6b515559d2d441ab0043b07222ff88d.jpg	in stock	USED	SUV	Vehicles & Parts > Vehicles > Motor Vehicles > Cars, Trucks & Vans	4S4GUHL63R3711538	https://www.dahlauto.com/viewdetails/cpo/4s4guhl63r3711538/2024-subaru-crosstrek-sport-utility/123?store={store_code}	GREEN	7516 miles	Crosstrek	4S4GUHL63R3711538	2024	28399 USD	DAHLSUBSHB	28399 USD	MI
4S4GUHU61R3814892	2024 Subaru Crosstrek Wilderness	Subaru	https://www.dahlauto.com/viewdetails/cpo/4s4guhu61r3814892/2024-subaru-crosstrek-sport-utility/	29899 USD	2024 Geyser Blue Pearl Subaru Crosstrek Wilderness Regular Gasoline H-4 2.5 L/152 For sale at Dahl Automotive in La Crosse Wisconsin.	https://content.homenetiol.com/2003378/2286653/0x0/6a652a6e8f6145658f7e05f89335b650.jpg	in stock	USED	SUV	Vehicles & Parts > Vehicles > Motor Vehicles > Cars, Trucks & Vans	4S4GUHU61R3814892	https://www.dahlauto.com/viewdetails/cpo/4s4guhu61r3814892/2024-subaru-crosstrek-sport-utility/123?store={store_code}	BLUE	11075 miles	Crosstrek	4S4GUHU61R3814892	2024	29899 USD	DAHLSUBSHB	29899 USD	MI
4S4WMAAD9N3447496	2022 Subaru Ascent 8 PASSENGER	Subaru	https://www.dahlauto.com/viewdetails/cpo/4s4wmaad9n3447496/2022-subaru-ascent-sport-utility/	23889 USD	2022 Crystal White Pearl Subaru Ascent 8 PASSENGER Intercooled Turbo Regular Gasoline H-4 2.4 L/146 For sale at Dahl Automotive in La Crosse Wisconsin.	https://content.homenetiol.com/2003378/2286650/0x0/f07ae68a9dfc410b80c67adf14af841a.jpg	in stock	USED	SUV	Vehicles & Parts > Vehicles > Motor Vehicles > Cars, Trucks & Vans	4S4WMAAD9N3447496	https://www.dahlauto.com/viewdetails/cpo/4s4wmaad9n3447496/2022-subaru-ascent-sport-utility/123?store={store_code}	WHITE	61780 miles	Ascent	4S4WMAAD9N3447496	2022	23889 USD	DAHLSUBARU	23889 USD	MI
4S4WMAEDXR3419223	2024 Subaru Ascent Premium	Subaru	https://www.dahlauto.com/viewdetails/cpo/4s4wmaedxr3419223/2024-subaru-ascent-sport-utility/	31189 USD	2024 Magnetite Gray Metallic Subaru Ascent Premium Intercooled Turbo Regular Gasoline H-4 2.4 L/146 For sale at Dahl Automotive in La Crosse Wisconsin.	https://content.homenetiol.com/2003378/2286650/0x0/88afbb27e432424694b7337a128007a6.jpg	in stock	USED	SUV	Vehicles & Parts > Vehicles > Motor Vehicles > Cars, Trucks & Vans	4S4WMAEDXR3419223	https://www.dahlauto.com/viewdetails/cpo/4s4wmaedxr3419223/2024-subaru-ascent-sport-utility/123?store={store_code}	GRAY	23537 miles	Ascent	4S4WMAEDXR3419223	2024	31189 USD	DAHLSUBARU	31189 USD	MI
4S4WMAKD3T3432617	2026 Subaru Ascent Touring	Subaru	https://www.dahlauto.com/viewdetails/cpo/4s4wmakd3t3432617/2026-subaru-ascent-sport-utility/	46899 USD	2026 Magnetite Gray Metallic Subaru Ascent Touring Intercooled Turbo Regular Gasoline H-4 2.4 L/146 For sale at Dahl Automotive in La Crosse Wisconsin.	https://content.homenetiol.com/2003378/2286653/0x0/899a2ccf926a4d09ab79458f998020a6.jpg	in stock	USED	SUV	Vehicles & Parts > Vehicles > Motor Vehicles > Cars, Trucks & Vans	4S4WMAKD3T3432617	https://www.dahlauto.com/viewdetails/cpo/4s4wmakd3t3432617/2026-subaru-ascent-sport-utility/123?store={store_code}	GRAY	500 miles	Ascent	4S4WMAKD3T3432617	2026	46899 USD	DAHLSUBSHB	46899 USD	MI
4T1DAACKXSU009636	2025 Toyota Camry LE	Toyota	https://www.dahlauto.com/viewdetails/cpo/4t1daackxsu009636/2025-toyota-camry-4dr-car/	26399 USD	2025 Celestial Silver Metallic Toyota Camry LE Gas/Electric I-4 2.5 L/152 For sale at Dahl Automotive in La Crosse Wisconsin.	https://content.homenetiol.com/2003378/2286653/0x0/b2b05bab12f946169105c634fafa99c3.jpg	in stock	USED	OTHER	Vehicles & Parts > Vehicles > Motor Vehicles > Cars, Trucks & Vans	4T1DAACKXSU009636	https://www.dahlauto.com/viewdetails/cpo/4t1daackxsu009636/2025-toyota-camry-4dr-car/123?store={store_code}	SILVER	60335 miles	Camry	4T1DAACKXSU009636	2025	26399 USD	4273022751116927017	26399 USD	MI
4T3RWRFV7SU178385	2025 Toyota RAV4 Hybrid XLE	Toyota	https://www.dahlauto.com/viewdetails/cpo/4t3rwrfv7su178385/2025-toyota-rav4-sport-utility/	34199 USD	2025 Magnetic Gray Metallic Toyota RAV4 Hybrid XLE Gas/Electric I-4 2.5 L/152 For sale at Dahl Automotive in La Crosse Wisconsin.	https://content.homenetiol.com/2003378/2286653/0x0/dd314eab068c48d4b3e57c060348472c.jpg	in stock	USED	SUV	Vehicles & Parts > Vehicles > Motor Vehicles > Cars, Trucks & Vans	4T3RWRFV7SU178385	https://www.dahlauto.com/viewdetails/cpo/4t3rwrfv7su178385/2025-toyota-rav4-sport-utility/123?store={store_code}	GRAY	37905 miles	RAV4	4T3RWRFV7SU178385	2025	34199 USD	4273022751116927017	34199 USD	MI
5FNRL6H62SB058447	2025 Honda Odyssey EX-L	Honda	https://www.dahlauto.com/viewdetails/cpo/5fnrl6h62sb058447/2025-honda-odyssey-mini-van,-passenger/	34189 USD	2025 Modern Steel Metallic Honda Odyssey EX-L Regular Gasoline V-6 3.5 L/212 For sale at Dahl Automotive in La Crosse Wisconsin.	https://content.homenetiol.com/2000157/2065512/0x0/e354b664122a487fa2b03bdeb7ea807d.jpg	in stock	USED	VAN	Vehicles & Parts > Vehicles > Motor Vehicles > Cars, Trucks & Vans	5FNRL6H62SB058447	https://www.dahlauto.com/viewdetails/cpo/5fnrl6h62sb058447/2025-honda-odyssey-mini-van,-passenger/123?store={store_code}	GRAY	69492 miles	Odyssey	5FNRL6H62SB058447	2025	34189 USD	Honda	34189 USD	MI
5FNRL6H63SB059199	2025 Honda Odyssey EX-L	Honda	https://www.dahlauto.com/viewdetails/cpo/5fnrl6h63sb059199/2025-honda-odyssey-mini-van,-passenger/	36389 USD	2025 Smoke Blue Pearl Honda Odyssey EX-L Regular Gasoline V-6 3.5 L/212 For sale at Dahl Automotive in La Crosse Wisconsin.	https://content.homenetiol.com/2000157/2065512/0x0/f99f790d3f544b0cac2d8fa282760018.jpg	in stock	USED	VAN	Vehicles & Parts > Vehicles > Motor Vehicles > Cars, Trucks & Vans	5FNRL6H63SB059199	https://www.dahlauto.com/viewdetails/cpo/5fnrl6h63sb059199/2025-honda-odyssey-mini-van,-passenger/123?store={store_code}	GRAY	52510 miles	Odyssey	5FNRL6H63SB059199	2025	36389 USD	Honda	36389 USD	MI
5FNRL6H67SB056712	2025 Honda Odyssey EX-L	Honda	https://www.dahlauto.com/viewdetails/cpo/5fnrl6h67sb056712/2025-honda-odyssey-mini-van,-passenger/	34549 USD	2025 Silver Honda Odyssey EX-L Regular Gasoline V-6 3.5 L/212 For sale at Dahl Automotive in La Crosse Wisconsin.	https://content.homenetiol.com/2000157/2065512/0x0/20adc709f6c847d1bc5e0a6b6f22f367.jpg	in stock	USED	VAN	Vehicles & Parts > Vehicles > Motor Vehicles > Cars, Trucks & Vans	5FNRL6H67SB056712	https://www.dahlauto.com/viewdetails/cpo/5fnrl6h67sb056712/2025-honda-odyssey-mini-van,-passenger/123?store={store_code}	SILVER	58340 miles	Odyssey	5FNRL6H67SB056712	2025	34549 USD	6029718484885115640	34549 USD	MI
5FNRL6H67SB071372	2025 Honda Odyssey EX-L	Honda	https://www.dahlauto.com/viewdetails/cpo/5fnrl6h67sb071372/2025-honda-odyssey-mini-van,-passenger/	37699 USD	2025 Smoke Blue Pearl Honda Odyssey EX-L Regular Gasoline V-6 3.5 L/212 For sale at Dahl Automotive in La Crosse Wisconsin.	https://content.homenetiol.com/2000157/2065512/0x0/aec71a3786da4203851b164223d60b20.jpg	in stock	USED	VAN	Vehicles & Parts > Vehicles > Motor Vehicles > Cars, Trucks & Vans	5FNRL6H67SB071372	https://www.dahlauto.com/viewdetails/cpo/5fnrl6h67sb071372/2025-honda-odyssey-mini-van,-passenger/123?store={store_code}	GRAY	52084 miles	Odyssey	5FNRL6H67SB071372	2025	37699 USD	Honda	37699 USD	MI
5FNYF6H50NB022433	2022 Honda Pilot EX-L	Honda	https://www.dahlauto.com/viewdetails/cpo/5fnyf6h50nb022433/2022-honda-pilot-sport-utility/	23899 USD	2022 Modern Steel Metallic Honda Pilot EX-L Regular Gasoline V-6 3.5 L/212 For sale at Dahl Automotive in La Crosse Wisconsin.	https://content.homenetiol.com/2000157/2065512/0x0/62ad706b681446ab84dcd004f27cd397.jpg	in stock	USED	SUV	Vehicles & Parts > Vehicles > Motor Vehicles > Cars, Trucks & Vans	5FNYF6H50NB022433	https://www.dahlauto.com/viewdetails/cpo/5fnyf6h50nb022433/2022-honda-pilot-sport-utility/123?store={store_code}	GRAY	124645 miles	Pilot	5FNYF6H50NB022433	2022	23899 USD	Honda	23899 USD	MI
5FNYF8H57MB009270	2021 Honda Passport EX-L	Honda	https://www.dahlauto.com/viewdetails/cpo/5fnyf8h57mb009270/2021-honda-passport-sport-utility/	24389 USD	2021 Lunar Silver Metallic Honda Passport EX-L Regular Unleaded V-6 3.5 L/212 For sale at Dahl Automotive in La Crosse Wisconsin.	https://content.homenetiol.com/2000157/2065512/0x0/b4d35e393b9648f286ad4737df34532e.jpg	in stock	USED	SUV	Vehicles & Parts > Vehicles > Motor Vehicles > Cars, Trucks & Vans	5FNYF8H57MB009270	https://www.dahlauto.com/viewdetails/cpo/5fnyf8h57mb009270/2021-honda-passport-sport-utility/123?store={store_code}	SILVER	102701 miles	Passport	5FNYF8H57MB009270	2021	24389 USD	Honda	24389 USD	MI
5FNYF8H6XPB044205	2023 Honda Passport TrailSport	Honda	https://www.dahlauto.com/viewdetails/cpo/5fnyf8h6xpb044205/2023-honda-passport-sport-utility/	37387 USD	2023 Radiant Red Metallic Ii Honda Passport TrailSport Regular Gasoline V-6 3.5 L/212 For sale at Dahl Automotive in La Crosse Wisconsin.	https://content.homenetiol.com/2000157/2065512/0x0/76610e1bfaf346c08ecd7394047f3681.jpg	in stock	USED	SUV	Vehicles & Parts > Vehicles > Motor Vehicles > Cars, Trucks & Vans	5FNYF8H6XPB044205	https://www.dahlauto.com/viewdetails/cpo/5fnyf8h6xpb044205/2023-honda-passport-sport-utility/123?store={store_code}	RED	23725 miles	Passport	5FNYF8H6XPB044205	2023	37387 USD	208989	37387 USD	MI
5FNYG1H40TB001893	2026 Honda Pilot EX-L	Honda	https://www.dahlauto.com/viewdetails/cpo/5fnyg1h40tb001893/2026-honda-pilot-sport-utility/	45899 USD	2026 Platinum White Pearl Honda Pilot EX-L Regular Gasoline V-6 3.5 L/212 For sale at Dahl Automotive in La Crosse Wisconsin.	https://content.homenetiol.com/2000157/2065512/0x0/2bebcb92fb794ce181078251239d7750.jpg	in stock	USED	SUV	Vehicles & Parts > Vehicles > Motor Vehicles > Cars, Trucks & Vans	5FNYG1H40TB001893	https://www.dahlauto.com/viewdetails/cpo/5fnyg1h40tb001893/2026-honda-pilot-sport-utility/123?store={store_code}	WHITE	7005 miles	Pilot	5FNYG1H40TB001893	2026	45899 USD	6029718484885115640	45899 USD	MI
5FNYG1H61SB009694	2025 Honda Pilot TrailSport	Honda	https://www.dahlauto.com/viewdetails/cpo/5fnyg1h61sb009694/2025-honda-pilot-sport-utility/	43989 USD	2025 Diffused Sky Blue Pearl Honda Pilot TrailSport Regular Gasoline V-6 3.5 L/212 For sale at Dahl Automotive in La Crosse Wisconsin.	https://content.homenetiol.com/2000157/2065512/0x0/b572ec0f54f14d3a9d33155afcb0fee6.jpg	in stock	USED	SUV	Vehicles & Parts > Vehicles > Motor Vehicles > Cars, Trucks & Vans	5FNYG1H61SB009694	https://www.dahlauto.com/viewdetails/cpo/5fnyg1h61sb009694/2025-honda-pilot-sport-utility/123?store={store_code}	BLUE	28522 miles	Pilot	5FNYG1H61SB009694	2025	43989 USD	Honda	43989 USD	MI
5FNYG1H6XSB037686	2025 Honda Pilot TrailSport	Honda	https://www.dahlauto.com/viewdetails/cpo/5fnyg1h6xsb037686/2025-honda-pilot-sport-utility/	44277 USD	2025 Lunar Silver Metallic Honda Pilot TrailSport Regular Gasoline V-6 3.5 L/212 For sale at Dahl Automotive in La Crosse Wisconsin.	https://content.homenetiol.com/2000157/2065512/0x0/0ea08bcc683a4de28d20c193878ea1b7.jpg	in stock	USED	SUV	Vehicles & Parts > Vehicles > Motor Vehicles > Cars, Trucks & Vans	5FNYG1H6XSB037686	https://www.dahlauto.com/viewdetails/cpo/5fnyg1h6xsb037686/2025-honda-pilot-sport-utility/123?store={store_code}	SILVER	41296 miles	Pilot	5FNYG1H6XSB037686	2025	44277 USD	208989	44277 USD	MI
5FPYK3F50PB050143	2023 Honda Ridgeline RTL	Honda	https://www.dahlauto.com/viewdetails/cpo/5fpyk3f50pb050143/2023-honda-ridgeline-crew-cab-pickup/	33550 USD	2023 Modern Steel Metallic Honda Ridgeline RTL Regular Unleaded V-6 3.5 L/212 For sale at Dahl Automotive in La Crosse Wisconsin.	https://content.homenetiol.com/2000157/2065512/0x0/576ee4487d0e4216b23b3c33f54b8e00.jpg	in stock	USED	TRUCK	Vehicles & Parts > Vehicles > Motor Vehicles > Cars, Trucks & Vans	5FPYK3F50PB050143	https://www.dahlauto.com/viewdetails/cpo/5fpyk3f50pb050143/2023-honda-ridgeline-crew-cab-pickup/123?store={store_code}	GRAY	32624 miles	Ridgeline	5FPYK3F50PB050143	2023	33550 USD	208989	33550 USD	MI
5FPYK3F56PB005885	2023 Honda Ridgeline RTL	Honda	https://www.dahlauto.com/viewdetails/cpo/5fpyk3f56pb005885/2023-honda-ridgeline-crew-cab-pickup/	29989 USD	2023 Modern Steel Metallic Honda Ridgeline RTL Regular Unleaded V-6 3.5 L/212 For sale at Dahl Automotive in La Crosse Wisconsin.	https://content.homenetiol.com/2000157/2065512/0x0/9719ad77e9f34077a3ba9f581c119737.jpg	in stock	USED	TRUCK	Vehicles & Parts > Vehicles > Motor Vehicles > Cars, Trucks & Vans	5FPYK3F56PB005885	https://www.dahlauto.com/viewdetails/cpo/5fpyk3f56pb005885/2023-honda-ridgeline-crew-cab-pickup/123?store={store_code}	GRAY	72966 miles	Ridgeline	5FPYK3F56PB005885	2023	29989 USD	Honda	29989 USD	MI
5FPYK3F5XMB016304	2021 Honda Ridgeline RTL	Honda	https://www.dahlauto.com/viewdetails/cpo/5fpyk3f5xmb016304/2021-honda-ridgeline-crew-cab-pickup/	29953 USD	2021 Lunar Silver Metallic Honda Ridgeline RTL Regular Unleaded V-6 3.5 L/212 For sale at Dahl Automotive in La Crosse Wisconsin.	https://content.homenetiol.com/2000157/2065512/0x0/25b0fbe391f945b3b568fa7a40df9670.jpg	in stock	USED	TRUCK	Vehicles & Parts > Vehicles > Motor Vehicles > Cars, Trucks & Vans	5FPYK3F5XMB016304	https://www.dahlauto.com/viewdetails/cpo/5fpyk3f5xmb016304/2021-honda-ridgeline-crew-cab-pickup/123?store={store_code}	SILVER	50403 miles	Ridgeline	5FPYK3F5XMB016304	2021	29953 USD	208989	29953 USD	MI
5FPYK3F79KB033660	2019 Honda Ridgeline RTL-E	Honda	https://www.dahlauto.com/viewdetails/cpo/5fpyk3f79kb033660/2019-honda-ridgeline-crew-cab-pickup/	22790 USD	2019 Crystal Black Pearl Honda Ridgeline RTL-E Regular Unleaded V-6 3.5 L/212 For sale at Dahl Automotive in La Crosse Wisconsin.	https://content.homenetiol.com/2000157/2065512/0x0/e65f07b4a45e442981a7c6cd009600b9.jpg	in stock	USED	TRUCK	Vehicles & Parts > Vehicles > Motor Vehicles > Cars, Trucks & Vans	5FPYK3F79KB033660	https://www.dahlauto.com/viewdetails/cpo/5fpyk3f79kb033660/2019-honda-ridgeline-crew-cab-pickup/123?store={store_code}	BLACK	135660 miles	Ridgeline	5FPYK3F79KB033660	2019	22790 USD	Honda	22790 USD	MI
5J6RS4H40RL007553	2024 Honda CR-V EX	Honda	https://www.dahlauto.com/viewdetails/cpo/5j6rs4h40rl007553/2024-honda-cr-v-sport-utility/	30742 USD	2024 Canyon River Blue Metallic Honda CR-V EX Intercooled Turbo Regular Unleaded I-4 1.5 L/91 For sale at Dahl Automotive in La Crosse Wisconsin.	https://content.homenetiol.com/2000157/2065512/0x0/590b261e68e748f89872e83333dee428.jpg	in stock	USED	SUV	Vehicles & Parts > Vehicles > Motor Vehicles > Cars, Trucks & Vans	5J6RS4H40RL007553	https://www.dahlauto.com/viewdetails/cpo/5j6rs4h40rl007553/2024-honda-cr-v-sport-utility/123?store={store_code}	BLUE	33460 miles	CR-V	5J6RS4H40RL007553	2024	30742 USD	6029718484885115640	30742 USD	MI
5J6RS4H74RL007808	2024 Honda CR-V EX-L	Honda	https://www.dahlauto.com/viewdetails/cpo/5j6rs4h74rl007808/2024-honda-cr-v-sport-utility/	33889 USD	2024 Urban Gray Pearl Honda CR-V EX-L Intercooled Turbo Regular Unleaded I-4 1.5 L/91 For sale at Dahl Automotive in La Crosse Wisconsin.	https://content.homenetiol.com/2000157/2065512/0x0/ba39c1ad721641da88fc8b3ed845734b.jpg	in stock	USED	SUV	Vehicles & Parts > Vehicles > Motor Vehicles > Cars, Trucks & Vans	5J6RS4H74RL007808	https://www.dahlauto.com/viewdetails/cpo/5j6rs4h74rl007808/2024-honda-cr-v-sport-utility/123?store={store_code}	GRAY	35131 miles	CR-V	5J6RS4H74RL007808	2024	33889 USD	Honda	33889 USD	MI
5NMJBCAE5PH220951	2023 Hyundai Tucson SEL	Hyundai	https://www.dahlauto.com/viewdetails/cpo/5nmjbcae5ph220951/2023-hyundai-tucson-sport-utility/	22599 USD	2023 Calypso Red Hyundai Tucson SEL Regular Unleaded I-4 2.5 L/152 For sale at Dahl Automotive in La Crosse Wisconsin.	https://content.homenetiol.com/2003378/2286650/0x0/bf46c3a97e1d476fbf11345c7a725983.jpg	in stock	USED	SUV	Vehicles & Parts > Vehicles > Motor Vehicles > Cars, Trucks & Vans	5NMJBCAE5PH220951	https://www.dahlauto.com/viewdetails/cpo/5nmjbcae5ph220951/2023-hyundai-tucson-sport-utility/123?store={store_code}	RED	62391 miles	Tucson	5NMJBCAE5PH220951	2023	22599 USD	WI025	22599 USD	MI
5NMJBCDE2TH632427	2026 Hyundai Tucson SEL	Hyundai	https://www.dahlauto.com/viewdetails/cpo/5nmjbcde2th632427/2026-hyundai-tucson-sport-utility/	28389 USD	2026 Phantom Black Hyundai Tucson SEL Regular Gasoline I-4 2.5 L/152 For sale at Dahl Automotive in La Crosse Wisconsin.	https://content.homenetiol.com/2003378/2286650/0x0/d9842d376f6344348d4b3d926dafc1ba.jpg	in stock	USED	SUV	Vehicles & Parts > Vehicles > Motor Vehicles > Cars, Trucks & Vans	5NMJBCDE2TH632427	https://www.dahlauto.com/viewdetails/cpo/5nmjbcde2th632427/2026-hyundai-tucson-sport-utility/123?store={store_code}	BLACK	25665 miles	Tucson	5NMJBCDE2TH632427	2026	28389 USD	WI025	28389 USD	MI
5NMJBCDE3RH345879	2024 Hyundai Tucson SEL	Hyundai	https://www.dahlauto.com/viewdetails/cpo/5nmjbcde3rh345879/2024-hyundai-tucson-sport-utility/	22397 USD	2024 Shimmering Silver Hyundai Tucson SEL Regular Gasoline I-4 2.5 L/152 For sale at Dahl Automotive in La Crosse Wisconsin.	https://content.homenetiol.com/2003378/2286650/0x0/0893c57ab13e4e5e8c6c3c2bb0ab011b.jpg	in stock	USED	SUV	Vehicles & Parts > Vehicles > Motor Vehicles > Cars, Trucks & Vans	5NMJBCDE3RH345879	https://www.dahlauto.com/viewdetails/cpo/5nmjbcde3rh345879/2024-hyundai-tucson-sport-utility/123?store={store_code}	SILVER	60200 miles	Tucson	5NMJBCDE3RH345879	2024	22397 USD	WI025	22397 USD	MI
5NMJBCDE3TH611683	2026 Hyundai Tucson SEL	Hyundai	https://www.dahlauto.com/viewdetails/cpo/5nmjbcde3th611683/2026-hyundai-tucson-sport-utility/	27889 USD	2026 Shimmering Silver Hyundai Tucson SEL Regular Gasoline I-4 2.5 L/152 For sale at Dahl Automotive in La Crosse Wisconsin.	https://content.homenetiol.com/2003378/2286650/0x0/c0baca968c344a0d83629e14fbe71a6f.jpg	in stock	USED	SUV	Vehicles & Parts > Vehicles > Motor Vehicles > Cars, Trucks & Vans	5NMJBCDE3TH611683	https://www.dahlauto.com/viewdetails/cpo/5nmjbcde3th611683/2026-hyundai-tucson-sport-utility/123?store={store_code}	SILVER	31998 miles	Tucson	5NMJBCDE3TH611683	2026	27889 USD	WI025	27889 USD	MI
5NMJBCDE8TH615471	2026 Hyundai Tucson SEL	Hyundai	https://www.dahlauto.com/viewdetails/cpo/5nmjbcde8th615471/2026-hyundai-tucson-sport-utility/	25999 USD	2026 Ultimate Red Hyundai Tucson SEL Regular Gasoline I-4 2.5 L/152 For sale at Dahl Automotive in La Crosse Wisconsin.	https://content.homenetiol.com/2003378/2286650/0x0/2d31c475bb154e42baef0e4b40245a76.jpg	in stock	USED	SUV	Vehicles & Parts > Vehicles > Motor Vehicles > Cars, Trucks & Vans	5NMJBCDE8TH615471	https://www.dahlauto.com/viewdetails/cpo/5nmjbcde8th615471/2026-hyundai-tucson-sport-utility/123?store={store_code}	RED	21366 miles	Tucson	5NMJBCDE8TH615471	2026	25999 USD	WI025	25999 USD	MI
5NMJBCDE9TH613695	2026 Hyundai Tucson SEL	Hyundai	https://www.dahlauto.com/viewdetails/cpo/5nmjbcde9th613695/2026-hyundai-tucson-sport-utility/	28389 USD	2026 Shimmering Silver Hyundai Tucson SEL Regular Gasoline I-4 2.5 L/152 For sale at Dahl Automotive in La Crosse Wisconsin.	https://content.homenetiol.com/2003378/2286650/0x0/d7dcfaa222ef4afe8a9fd42ce983ffb4.jpg	in stock	USED	SUV	Vehicles & Parts > Vehicles > Motor Vehicles > Cars, Trucks & Vans	5NMJBCDE9TH613695	https://www.dahlauto.com/viewdetails/cpo/5nmjbcde9th613695/2026-hyundai-tucson-sport-utility/123?store={store_code}	SILVER	25948 miles	Tucson	5NMJBCDE9TH613695	2026	28389 USD	WI025	28389 USD	MI
5NMJFCAE6PH286333	2023 Hyundai Tucson SEL	Hyundai	https://www.dahlauto.com/viewdetails/cpo/5nmjfcae6ph286333/2023-hyundai-tucson-sport-utility/	25389 USD	2023 Shimmering Silver Hyundai Tucson SEL Regular Unleaded I-4 2.5 L/152 For sale at Dahl Automotive in La Crosse Wisconsin.	https://content.homenetiol.com/2003378/2286650/0x0/86786a317df940e39c07c0b0ee4cd5b5.jpg	in stock	USED	SUV	Vehicles & Parts > Vehicles > Motor Vehicles > Cars, Trucks & Vans	5NMJFCAE6PH286333	https://www.dahlauto.com/viewdetails/cpo/5nmjfcae6ph286333/2023-hyundai-tucson-sport-utility/123?store={store_code}	SILVER	38691 miles	Tucson	5NMJFCAE6PH286333	2023	25389 USD	WI025	25389 USD	MI
5NMP2DGL1TH157718	2026 Hyundai Santa Fe SEL	Hyundai	https://www.dahlauto.com/viewdetails/cpo/5nmp2dgl1th157718/2026-hyundai-santa-fe-sport-utility/	31889 USD	2026 Ultimate Red Hyundai Santa Fe SEL Intercooled Turbo Regular Gasoline I-4 2.5 L/152 For sale at Dahl Automotive in La Crosse Wisconsin.	https://content.homenetiol.com/2003378/2286650/0x0/0c768b01fccb4168be20cfe0e4e74463.jpg	in stock	USED	SUV	Vehicles & Parts > Vehicles > Motor Vehicles > Cars, Trucks & Vans	5NMP2DGL1TH157718	https://www.dahlauto.com/viewdetails/cpo/5nmp2dgl1th157718/2026-hyundai-santa-fe-sport-utility/123?store={store_code}	RED	23297 miles	Santa Fe	5NMP2DGL1TH157718	2026	31889 USD	WI025	31889 USD	MI
5NMP2DGL3SH117915	2025 Hyundai Santa Fe SEL	Hyundai	https://www.dahlauto.com/viewdetails/cpo/5nmp2dgl3sh117915/2025-hyundai-santa-fe-sport-utility/	32599 USD	2025 Atlantis Blue Hyundai Santa Fe SEL Intercooled Turbo Regular Unleaded I-4 2.5 L/152 For sale at Dahl Automotive in La Crosse Wisconsin.	https://content.homenetiol.com/2003378/2286650/0x0/52ac0a9a4b874c4291989fbe0f03ec04.jpg	in stock	USED	SUV	Vehicles & Parts > Vehicles > Motor Vehicles > Cars, Trucks & Vans	5NMP2DGL3SH117915	https://www.dahlauto.com/viewdetails/cpo/5nmp2dgl3sh117915/2025-hyundai-santa-fe-sport-utility/123?store={store_code}	BLUE	10522 miles	Santa Fe	5NMP2DGL3SH117915	2025	32599 USD	WI025	32599 USD	MI
5NMP2DGL7TH151051	2026 Hyundai Santa Fe SEL	Hyundai	https://www.dahlauto.com/viewdetails/cpo/5nmp2dgl7th151051/2026-hyundai-santa-fe-sport-utility/	33394 USD	2026 Shimmering Silver Hyundai Santa Fe SEL Intercooled Turbo Regular Gasoline I-4 2.5 L/152 For sale at Dahl Automotive in La Crosse Wisconsin.	https://content.homenetiol.com/2003378/2286650/0x0/4f618a4271994ee4a0339306e5bd04e5.jpg	in stock	USED	SUV	Vehicles & Parts > Vehicles > Motor Vehicles > Cars, Trucks & Vans	5NMP2DGL7TH151051	https://www.dahlauto.com/viewdetails/cpo/5nmp2dgl7th151051/2026-hyundai-santa-fe-sport-utility/123?store={store_code}	SILVER	13791 miles	Santa Fe	5NMP2DGL7TH151051	2026	33394 USD	WI025	33394 USD	MI
5NMP3DG15TH099138	2026 Hyundai Santa Fe Hybrid Limited 6P	Hyundai	https://www.dahlauto.com/viewdetails/cpo/5nmp3dg15th099138/2026-hyundai-santa-fe-hybrid-sport-utility/	42349 USD	2026 Ecotronic Gray Hyundai Santa Fe Limited 6P Intercooled Turbo Gas/Electric I-4 1.6 L/98 For sale at Dahl Automotive in La Crosse Wisconsin.	https://content.homenetiol.com/2000157/2065512/0x0/83e46b103c38401e8e035d793e0ca64b.jpg	in stock	USED	SUV	Vehicles & Parts > Vehicles > Motor Vehicles > Cars, Trucks & Vans	5NMP3DG15TH099138	https://www.dahlauto.com/viewdetails/cpo/5nmp3dg15th099138/2026-hyundai-santa-fe-hybrid-sport-utility/123?store={store_code}	GRAY	3701 miles	Santa Fe	5NMP3DG15TH099138	2026	42349 USD	MN030	42349 USD	MI
5NMS4DAL4PH611298	2023 Hyundai Santa Fe Limited	Hyundai	https://www.dahlauto.com/viewdetails/cpo/5nms4dal4ph611298/2023-hyundai-santa-fe-sport-utility/	29889 USD	2023 Hampton Gray Hyundai Santa Fe Limited Intercooled Turbo Regular Gasoline I-4 2.5 L/152 For sale at Dahl Automotive in La Crosse Wisconsin.	https://content.homenetiol.com/2003378/2286650/0x0/594850ad6a0345aea86e2eb3190c1d5c.jpg	in stock	USED	SUV	Vehicles & Parts > Vehicles > Motor Vehicles > Cars, Trucks & Vans	5NMS4DAL4PH611298	https://www.dahlauto.com/viewdetails/cpo/5nms4dal4ph611298/2023-hyundai-santa-fe-sport-utility/123?store={store_code}	GRAY	35271 miles	Santa Fe	5NMS4DAL4PH611298	2023	29889 USD	WI025	29889 USD	MI
5NTJADDE2SH140914	2025 Hyundai Santa Cruz SE	Hyundai	https://www.dahlauto.com/viewdetails/cpo/5ntjadde2sh140914/2025-hyundai-santa-cruz-crew-cab-pickup/	25849 USD	2025 Atlas White Hyundai Santa Cruz SE Regular Unleaded I-4 2.5 L/152 For sale at Dahl Automotive in La Crosse Wisconsin.	https://content.homenetiol.com/2000157/2065512/0x0/53d215c4991345378bdc829529d44cad.jpg	in stock	USED	TRUCK	Vehicles & Parts > Vehicles > Motor Vehicles > Cars, Trucks & Vans	5NTJADDE2SH140914	https://www.dahlauto.com/viewdetails/cpo/5ntjadde2sh140914/2025-hyundai-santa-cruz-crew-cab-pickup/123?store={store_code}	WHITE	8100 miles	Santa Cruz	5NTJADDE2SH140914	2025	25849 USD	MN030	25849 USD	MI
5NTJBDDE7TH157433	2026 Hyundai Santa Cruz SEL	Hyundai	https://www.dahlauto.com/viewdetails/cpo/5ntjbdde7th157433/2026-hyundai-santa-cruz-crew-cab-pickup/	29349 USD	2026 Hampton Gray Hyundai Santa Cruz SEL Regular Gasoline I-4 2.5 L/152 For sale at Dahl Automotive in La Crosse Wisconsin.	https://content.homenetiol.com/2000157/2065512/0x0/8c3b14218f1e4f0993ef38d869d93c9d.jpg	in stock	USED	TRUCK	Vehicles & Parts > Vehicles > Motor Vehicles > Cars, Trucks & Vans	5NTJBDDE7TH157433	https://www.dahlauto.com/viewdetails/cpo/5ntjbdde7th157433/2026-hyundai-santa-cruz-crew-cab-pickup/123?store={store_code}	GRAY	4279 miles	Santa Cruz	5NTJBDDE7TH157433	2026	29349 USD	MN030	29349 USD	MI
5TDAAAB57SS094023	2025 Toyota Grand Highlander XLE	Toyota	https://www.dahlauto.com/viewdetails/cpo/5tdaaab57ss094023/2025-toyota-grand-highlander-sport-utility/	43399 USD	2025 Celestial Silver Metallic Toyota Grand Highlander XLE Intercooled Turbo Regular Gasoline I-4 2.4 L/146 For sale at Dahl Automotive in La Crosse Wisconsin.	https://content.homenetiol.com/2003378/2286653/0x0/31740eb9e7f0422d80ffaa415edf47f5.jpg	in stock	USED	SUV	Vehicles & Parts > Vehicles > Motor Vehicles > Cars, Trucks & Vans	5TDAAAB57SS094023	https://www.dahlauto.com/viewdetails/cpo/5tdaaab57ss094023/2025-toyota-grand-highlander-sport-utility/123?store={store_code}	SILVER	45115 miles	Grand Highlander	5TDAAAB57SS094023	2025	43399 USD	4273022751116927017	43399 USD	MI
5TDAAAB59SS094623	2025 Toyota Grand Highlander XLE	Toyota	https://www.dahlauto.com/viewdetails/cpo/5tdaaab59ss094623/2025-toyota-grand-highlander-sport-utility/	43899 USD	2025 Wind Chill Pearl Toyota Grand Highlander XLE Intercooled Turbo Regular Gasoline I-4 2.4 L/146 For sale at Dahl Automotive in La Crosse Wisconsin.	https://content.homenetiol.com/2003378/2286653/0x0/b286478fe11f4cc8a50e27a76face65e.jpg	in stock	USED	SUV	Vehicles & Parts > Vehicles > Motor Vehicles > Cars, Trucks & Vans	5TDAAAB59SS094623	https://www.dahlauto.com/viewdetails/cpo/5tdaaab59ss094623/2025-toyota-grand-highlander-sport-utility/123?store={store_code}	WHITE	41450 miles	Grand Highlander	5TDAAAB59SS094623	2025	43899 USD	4273022751116927017	43899 USD	MI
5TDKDRBH3TS603904	2026 Toyota Highlander XLE	Toyota	https://www.dahlauto.com/viewdetails/cpo/5tdkdrbh3ts603904/2026-toyota-highlander-sport-utility/	48899 USD	2026 Midnight Black Metallic Toyota Highlander XLE Intercooled Turbo Regular Gasoline I-4 2.4 L/146 For sale at Dahl Automotive in La Crosse Wisconsin.	https://content.homenetiol.com/2003378/2286653/0x0/b870487867a243b19369d45fadc7d4f4.jpg	in stock	USED	SUV	Vehicles & Parts > Vehicles > Motor Vehicles > Cars, Trucks & Vans	5TDKDRBH3TS603904	https://www.dahlauto.com/viewdetails/cpo/5tdkdrbh3ts603904/2026-toyota-highlander-sport-utility/123?store={store_code}	BLACK	18380 miles	Highlander	5TDKDRBH3TS603904	2026	48899 USD	4273022751116927017	48899 USD	MI
5TDKDRBH9TS604037	2026 Toyota Highlander XLE	Toyota	https://www.dahlauto.com/viewdetails/cpo/5tdkdrbh9ts604037/2026-toyota-highlander-sport-utility/	48399 USD	2026 Midnight Black Metallic Toyota Highlander XLE Intercooled Turbo Regular Gasoline I-4 2.4 L/146 For sale at Dahl Automotive in La Crosse Wisconsin.	https://content.homenetiol.com/2003378/2286653/0x0/810620f1dce64a87b929970cb40a67f1.jpg	in stock	USED	SUV	Vehicles & Parts > Vehicles > Motor Vehicles > Cars, Trucks & Vans	5TDKDRBH9TS604037	https://www.dahlauto.com/viewdetails/cpo/5tdkdrbh9ts604037/2026-toyota-highlander-sport-utility/123?store={store_code}	BLACK	15826 miles	Highlander	5TDKDRBH9TS604037	2026	48399 USD	4273022751116927017	48399 USD	MI
5TDYSKFCXPS076942	2023 Toyota Sienna XLE	Toyota	https://www.dahlauto.com/viewdetails/cpo/5tdyskfcxps076942/2023-toyota-sienna-mini-van,-passenger/	40597 USD	2023 Predawn Gray Mica Toyota Sienna XLE Gas/Electric I-4 2.5 L/152 For sale at Dahl Automotive in La Crosse Wisconsin.	https://content.homenetiol.com/2003378/2286653/0x0/d5945269b4ba4278ac947b5f0a7e8818.jpg	in stock	USED	VAN	Vehicles & Parts > Vehicles > Motor Vehicles > Cars, Trucks & Vans	5TDYSKFCXPS076942	https://www.dahlauto.com/viewdetails/cpo/5tdyskfcxps076942/2023-toyota-sienna-mini-van,-passenger/123?store={store_code}	GRAY	68379 miles	Sienna	5TDYSKFCXPS076942	2023	40597 USD	4273022751116927017	40597 USD	MI
5YFP4MCE9SP240268	2025 Toyota Corolla SE	Toyota	https://www.dahlauto.com/viewdetails/cpo/5yfp4mce9sp240268/2025-toyota-corolla-4dr-car/	25249 USD	2025 Ice Cap Toyota Corolla SE Regular Gasoline I-4 2.0 L/121 For sale at Dahl Automotive in La Crosse Wisconsin.	https://content.homenetiol.com/2003378/2286604/0x0/1b089be3b5274ffe90b9d23c0830be32.jpg	in stock	USED	OTHER	Vehicles & Parts > Vehicles > Motor Vehicles > Cars, Trucks & Vans	5YFP4MCE9SP240268	https://www.dahlauto.com/viewdetails/cpo/5yfp4mce9sp240268/2025-toyota-corolla-4dr-car/123?store={store_code}	WHITE	0 miles	Corolla	5YFP4MCE9SP240268	2025	25249 USD	Toyota	25249 USD	MI
7FARS5H51RE005595	2024 Honda CR-V Hybrid Sport	Honda	https://www.dahlauto.com/viewdetails/cpo/7fars5h51re005595/2024-honda-cr-v-hybrid-sport-utility/	32277 USD	2024 Lunar Silver Metallic Honda CR-V Sport Gas/Electric I-4 2.0 L/122 For sale at Dahl Automotive in La Crosse Wisconsin.	https://content.homenetiol.com/2000157/2065512/0x0/5c3503821d7b45cda3677b7c8b9f06f9.jpg	in stock	USED	SUV	Vehicles & Parts > Vehicles > Motor Vehicles > Cars, Trucks & Vans	7FARS5H51RE005595	https://www.dahlauto.com/viewdetails/cpo/7fars5h51re005595/2024-honda-cr-v-hybrid-sport-utility/123?store={store_code}	SILVER	43382 miles	CR-V	7FARS5H51RE005595	2024	32277 USD	208989	32277 USD	MI
7FARS6H59RE011960	2024 Honda CR-V Hybrid Sport	Honda	https://www.dahlauto.com/viewdetails/cpo/7fars6h59re011960/2024-honda-cr-v-hybrid-sport-utility/	34089 USD	2024 Urban Gray Pearl Honda CR-V Sport Gas/Electric I-4 2.0 L/122 For sale at Dahl Automotive in La Crosse Wisconsin.	https://content.homenetiol.com/2000157/2065512/0x0/f4f119c1f8b34a478ba2280f7143aa0a.jpg	in stock	USED	SUV	Vehicles & Parts > Vehicles > Motor Vehicles > Cars, Trucks & Vans	7FARS6H59RE011960	https://www.dahlauto.com/viewdetails/cpo/7fars6h59re011960/2024-honda-cr-v-hybrid-sport-utility/123?store={store_code}	GRAY	45009 miles	CR-V	7FARS6H59RE011960	2024	34089 USD	Honda	34089 USD	MI
7FARS6H91RE049928	2024 Honda CR-V Hybrid Sport Touring	Honda	https://www.dahlauto.com/viewdetails/cpo/7fars6h91re049928/2024-honda-cr-v-hybrid-sport-utility/	38389 USD	2024 Meteorite Gray Metallic Honda CR-V Sport Touring Gas/Electric I-4 2.0 L/122 For sale at Dahl Automotive in La Crosse Wisconsin.	https://content.homenetiol.com/2000157/2065512/0x0/2854be50d78e47aeaf0e9ea8ea2f0f93.jpg	in stock	USED	SUV	Vehicles & Parts > Vehicles > Motor Vehicles > Cars, Trucks & Vans	7FARS6H91RE049928	https://www.dahlauto.com/viewdetails/cpo/7fars6h91re049928/2024-honda-cr-v-hybrid-sport-utility/123?store={store_code}	GRAY	29637 miles	CR-V	7FARS6H91RE049928	2024	38389 USD	Honda	38389 USD	MI
7FARW2H84NE040123	2022 Honda CR-V EX-L	Honda	https://www.dahlauto.com/viewdetails/cpo/7farw2h84ne040123/2022-honda-cr-v-sport-utility/	28122 USD	2022 Radiant Red Metallic Honda CR-V EX-L Intercooled Turbo Regular Unleaded I-4 1.5 L/91 For sale at Dahl Automotive in La Crosse Wisconsin.	https://content.homenetiol.com/2000157/2065512/0x0/53a2760ef8054327a404563af2eb73fa.jpg	in stock	USED	SUV	Vehicles & Parts > Vehicles > Motor Vehicles > Cars, Trucks & Vans	7FARW2H84NE040123	https://www.dahlauto.com/viewdetails/cpo/7farw2h84ne040123/2022-honda-cr-v-sport-utility/123?store={store_code}	RED	61878 miles	CR-V	7FARW2H84NE040123	2022	28122 USD	6029718484885115640	28122 USD	MI
7MMVABBL2TN455056	2026 Mazda CX-50 2.5 S Preferred	Mazda	https://www.dahlauto.com/viewdetails/cpo/7mmvabbl2tn455056/2026-mazda-cx-50-sport-utility/	29990 USD	2026 Ingot Blue Metallic Mazda CX-50 2.5 S Preferred Regular Unleaded I-4 2.5 L/152 For sale at Dahl Automotive in La Crosse Wisconsin.	https://content.homenetiol.com/2003378/2286650/0x0/ee1cb61f674344c3813144b6446b9e33.jpg	in stock	USED	SUV	Vehicles & Parts > Vehicles > Motor Vehicles > Cars, Trucks & Vans	7MMVABBL2TN455056	https://www.dahlauto.com/viewdetails/cpo/7mmvabbl2tn455056/2026-mazda-cx-50-sport-utility/123?store={store_code}	BLUE	23493 miles	CX-50	7MMVABBL2TN455056	2026	29990 USD	Dahl Mazda	29990 USD	MI
JF1GUAFC3R8346994	2024 Subaru Impreza Sport	Subaru	https://www.dahlauto.com/viewdetails/cpo/jf1guafc3r8346994/2024-subaru-impreza-hatchback/	21649 USD	2024 Magnetite Gray Metallic Subaru Impreza Sport Regular Unleaded H-4 2.0 L/122 For sale at Dahl Automotive in La Crosse Wisconsin.	https://content.homenetiol.com/2003378/2286653/0x0/2f686fc2f47a4a9ebce2d09b25de9ad0.jpg	in stock	USED	OTHER	Vehicles & Parts > Vehicles > Motor Vehicles > Cars, Trucks & Vans	JF1GUAFC3R8346994	https://www.dahlauto.com/viewdetails/cpo/jf1guafc3r8346994/2024-subaru-impreza-hatchback/123?store={store_code}	GRAY	57095 miles	Impreza	JF1GUAFC3R8346994	2024	21649 USD	DAHLSUBSHB	21649 USD	MI
JF1GUAFC9T8213731	2026 Subaru Impreza Sport	Subaru	https://www.dahlauto.com/viewdetails/cpo/jf1guafc9t8213731/2026-subaru-impreza-hatchback/	26999 USD	2026 Sapphire Blue Pearl Subaru Impreza Sport Regular Gasoline H-4 2.0 L/122 For sale at Dahl Automotive in La Crosse Wisconsin.	https://content.homenetiol.com/2003378/2286650/0x0/b8cc3b9ec9b84f55ba656860aea0256e.jpg	in stock	USED	OTHER	Vehicles & Parts > Vehicles > Motor Vehicles > Cars, Trucks & Vans	JF1GUAFC9T8213731	https://www.dahlauto.com/viewdetails/cpo/jf1guafc9t8213731/2026-subaru-impreza-hatchback/123?store={store_code}	BLUE	4898 miles	Impreza	JF1GUAFC9T8213731	2026	26999 USD	DAHLSUBARU	26999 USD	MI
JF2GTAEC7PH314725	2023 Subaru Crosstrek Premium	Subaru	https://www.dahlauto.com/viewdetails/cpo/jf2gtaec7ph314725/2023-subaru-crosstrek-sport-utility/	23599 USD	2023 Crystal Black Silica Subaru Crosstrek Premium Regular Unleaded H-4 2.0 L/122 For sale at Dahl Automotive in La Crosse Wisconsin.	https://content.homenetiol.com/2003378/2286650/0x0/9e8a10a07fc84dd7b014a01ba66d40f6.jpg	in stock	USED	SUV	Vehicles & Parts > Vehicles > Motor Vehicles > Cars, Trucks & Vans	JF2GTAEC7PH314725	https://www.dahlauto.com/viewdetails/cpo/jf2gtaec7ph314725/2023-subaru-crosstrek-sport-utility/123?store={store_code}	BLACK	64284 miles	Crosstrek	JF2GTAEC7PH314725	2023	23599 USD	DAHLSUBARU	23599 USD	MI
JF2GUADC4RH237636	2024 Subaru Crosstrek Premium	Subaru	https://www.dahlauto.com/viewdetails/cpo/jf2guadc4rh237636/2024-subaru-crosstrek-sport-utility/	27149 USD	2024 Magnetite Gray Metallic Subaru Crosstrek Premium Regular Gasoline H-4 2.0 L/122 For sale at Dahl Automotive in La Crosse Wisconsin.	https://content.homenetiol.com/2003378/2286653/0x0/15b4ddb23bb94f5bbe2b470cb8cc21c9.jpg	in stock	USED	SUV	Vehicles & Parts > Vehicles > Motor Vehicles > Cars, Trucks & Vans	JF2GUADC4RH237636	https://www.dahlauto.com/viewdetails/cpo/jf2guadc4rh237636/2024-subaru-crosstrek-sport-utility/123?store={store_code}	GRAY	21243 miles	Crosstrek	JF2GUADC4RH237636	2024	27149 USD	DAHLSUBSHB	27149 USD	MI
JF2GUHDC8S8236312	2025 Subaru Crosstrek Premium	Subaru	https://www.dahlauto.com/viewdetails/cpo/jf2guhdc8s8236312/2025-subaru-crosstrek-sport-utility/	27399 USD	2025 Ice Silver Metallic Subaru Crosstrek Premium Regular Gasoline H-4 2.5 L/152 For sale at Dahl Automotive in La Crosse Wisconsin.	https://content.homenetiol.com/2003378/2286653/0x0/039bf2ea22e74f7398a677ad1f628c2f.jpg	in stock	USED	SUV	Vehicles & Parts > Vehicles > Motor Vehicles > Cars, Trucks & Vans	JF2GUHDC8S8236312	https://www.dahlauto.com/viewdetails/cpo/jf2guhdc8s8236312/2025-subaru-crosstrek-sport-utility/123?store={store_code}	SILVER	22819 miles	Crosstrek	JF2GUHDC8S8236312	2025	27399 USD	DAHLSUBSHB	27399 USD	MI
JF2SKADC8PH424116	2023 Subaru Forester Premium	Subaru	https://www.dahlauto.com/viewdetails/cpo/jf2skadc8ph424116/2023-subaru-forester-sport-utility/	27899 USD	2023 Cascade Green Silica Subaru Forester Premium Regular Unleaded H-4 2.5 L/152 For sale at Dahl Automotive in La Crosse Wisconsin.	https://content.homenetiol.com/2003378/2286653/0x0/49c8707fb966467a92fee08d72104543.jpg	in stock	USED	SUV	Vehicles & Parts > Vehicles > Motor Vehicles > Cars, Trucks & Vans	JF2SKADC8PH424116	https://www.dahlauto.com/viewdetails/cpo/jf2skadc8ph424116/2023-subaru-forester-sport-utility/123?store={store_code}	GREEN	28975 miles	Forester	JF2SKADC8PH424116	2023	27899 USD	DAHLSUBSHB	27899 USD	MI
JF2SKALC2RH408336	2024 Subaru Forester Limited	Subaru	https://www.dahlauto.com/viewdetails/cpo/jf2skalc2rh408336/2024-subaru-forester-sport-utility/	26889 USD	2024 Crystal Black Silica Subaru Forester Limited Regular Unleaded H-4 2.5 L/152 For sale at Dahl Automotive in La Crosse Wisconsin.	https://content.homenetiol.com/2003378/2286650/0x0/a05e954e634747368beb3d10d637b6a7.jpg	in stock	USED	SUV	Vehicles & Parts > Vehicles > Motor Vehicles > Cars, Trucks & Vans	JF2SKALC2RH408336	https://www.dahlauto.com/viewdetails/cpo/jf2skalc2rh408336/2024-subaru-forester-sport-utility/123?store={store_code}	BLACK	50703 miles	Forester	JF2SKALC2RH408336	2024	26889 USD	DAHLSUBARU	26889 USD	MI
JF2SLDHC8SH463872	2025 Subaru Forester Sport	Subaru	https://www.dahlauto.com/viewdetails/cpo/jf2sldhc8sh463872/2025-subaru-forester-sport-utility/	30189 USD	2025 Crystal White Pearl Subaru Forester Sport Regular Unleaded H-4 2.5 L/152 For sale at Dahl Automotive in La Crosse Wisconsin.	https://content.homenetiol.com/2003378/2286650/0x0/46a3393550904ff898bad7ea54f24b48.jpg	in stock	USED	SUV	Vehicles & Parts > Vehicles > Motor Vehicles > Cars, Trucks & Vans	JF2SLDHC8SH463872	https://www.dahlauto.com/viewdetails/cpo/jf2sldhc8sh463872/2025-subaru-forester-sport-utility/123?store={store_code}	WHITE	42170 miles	Forester	JF2SLDHC8SH463872	2025	30189 USD	DAHLSUBARU	30189 USD	MI
JHMFL5G41RX001183	2024 Honda Civic Type R Type R	Honda	https://www.dahlauto.com/viewdetails/cpo/jhmfl5g41rx001183/2024-honda-civic-type-r-hatchback/	40149 USD	2024 Sonic Gray Pearl Honda Civic Type R Type R Intercooled Turbo Premium Unleaded I-4 2.0 L/122 For sale at Dahl Automotive in La Crosse Wisconsin.	https://content.homenetiol.com/2000157/2065512/0x0/b65187e353234722adc96425039f14a6.jpg	in stock	USED	OTHER	Vehicles & Parts > Vehicles > Motor Vehicles > Cars, Trucks & Vans	JHMFL5G41RX001183	https://www.dahlauto.com/viewdetails/cpo/jhmfl5g41rx001183/2024-honda-civic-type-r-hatchback/123?store={store_code}	GRAY	60235 miles	Civic Type R	JHMFL5G41RX001183	2024	40149 USD	6029718484885115640	40149 USD	MI
JM3KFBBL4S0698245	2025 Mazda CX-5 2.5 S Select Package	Mazda	https://www.dahlauto.com/viewdetails/cpo/jm3kfbbl4s0698245/2025-mazda-cx-5-sport-utility/	25989 USD	2025 Deep Crystal Blue Mica Mazda CX-5 2.5 S Select Package Regular Gasoline I-4 2.5 L/152 For sale at Dahl Automotive in La Crosse Wisconsin.	https://content.homenetiol.com/2003378/2286650/0x0/5cc6560f78c749248f41d878d590dcdb.jpg	in stock	USED	SUV	Vehicles & Parts > Vehicles > Motor Vehicles > Cars, Trucks & Vans	JM3KFBBL4S0698245	https://www.dahlauto.com/viewdetails/cpo/jm3kfbbl4s0698245/2025-mazda-cx-5-sport-utility/123?store={store_code}	BLUE	38950 miles	CX-5	JM3KFBBL4S0698245	2025	25989 USD	Dahl Mazda	25989 USD	MI
JM3KFBCL8R0527149	2024 Mazda CX-5 2.5 S Carbon Edition	Mazda	https://www.dahlauto.com/viewdetails/cpo/jm3kfbcl8r0527149/2024-mazda-cx-5-sport-utility/	26389 USD	2024 Polymetal Gray Metallic Mazda CX-5 2.5 S Carbon Edition Regular Gasoline I-4 2.5 L/152 For sale at Dahl Automotive in La Crosse Wisconsin.	https://content.homenetiol.com/2003378/2286650/0x0/f15cf4bcd23c4927b2cac033b165d095.jpg	in stock	USED	SUV	Vehicles & Parts > Vehicles > Motor Vehicles > Cars, Trucks & Vans	JM3KFBCL8R0527149	https://www.dahlauto.com/viewdetails/cpo/jm3kfbcl8r0527149/2024-mazda-cx-5-sport-utility/123?store={store_code}	GRAY	57554 miles	CX-5	JM3KFBCL8R0527149	2024	26389 USD	Dahl Mazda	26389 USD	MI
JM3KFBCL8S0674657	2025 Mazda CX-5 2.5 S Preferred Package	Mazda	https://www.dahlauto.com/viewdetails/cpo/jm3kfbcl8s0674657/2025-mazda-cx-5-sport-utility/	26889 USD	2025 Deep Crystal Blue Mica Mazda CX-5 2.5 S Preferred Package Regular Gasoline I-4 2.5 L/152 For sale at Dahl Automotive in La Crosse Wisconsin.	https://content.homenetiol.com/2003378/2286650/0x0/04f700bd461440b1bdb0eff36598c3aa.jpg	in stock	USED	SUV	Vehicles & Parts > Vehicles > Motor Vehicles > Cars, Trucks & Vans	JM3KFBCL8S0674657	https://www.dahlauto.com/viewdetails/cpo/jm3kfbcl8s0674657/2025-mazda-cx-5-sport-utility/123?store={store_code}	BLUE	41213 miles	CX-5	JM3KFBCL8S0674657	2025	26889 USD	Dahl Mazda	26889 USD	MI
JM3KFBCLXS0677642	2025 Mazda CX-5 2.5 S Preferred Package	Mazda	https://www.dahlauto.com/viewdetails/cpo/jm3kfbclxs0677642/2025-mazda-cx-5-sport-utility/	27599 USD	2025 Rhodium White Metallic Mazda CX-5 2.5 S Preferred Package Regular Gasoline I-4 2.5 L/152 For sale at Dahl Automotive in La Crosse Wisconsin.	https://content.homenetiol.com/2003378/2286650/0x0/b462931be2014cdd8c3553ba55007a01.jpg	in stock	USED	SUV	Vehicles & Parts > Vehicles > Motor Vehicles > Cars, Trucks & Vans	JM3KFBCLXS0677642	https://www.dahlauto.com/viewdetails/cpo/jm3kfbclxs0677642/2025-mazda-cx-5-sport-utility/123?store={store_code}	WHITE	19753 miles	CX-5	JM3KFBCLXS0677642	2025	27599 USD	Dahl Mazda	27599 USD	MI
JM3KKCHD0T1356479	2026 Mazda CX-90 Premium Sport	Mazda	https://www.dahlauto.com/viewdetails/cpo/jm3kkchd0t1356479/2026-mazda-cx-90-sport-utility/	38889 USD	2026 Jet Black Mica Mazda CX-90 Premium Sport Intercooled Turbo Gas/Electric I-6 3.3 L/200 For sale at Dahl Automotive in La Crosse Wisconsin.	https://content.homenetiol.com/2003378/2286650/0x0/4d504862650c42e0b18b07db2a7b8f66.jpg	in stock	USED	SUV	Vehicles & Parts > Vehicles > Motor Vehicles > Cars, Trucks & Vans	JM3KKCHD0T1356479	https://www.dahlauto.com/viewdetails/cpo/jm3kkchd0t1356479/2026-mazda-cx-90-sport-utility/123?store={store_code}	BLACK	30285 miles	CX-90	JM3KKCHD0T1356479	2026	38889 USD	Dahl Mazda	38889 USD	MI
JM3KKCHD4T1355948	2026 Mazda CX-90 Premium Sport	Mazda	https://www.dahlauto.com/viewdetails/cpo/jm3kkchd4t1355948/2026-mazda-cx-90-sport-utility/	37999 USD	2026 Platinum Quartz Mazda CX-90 Premium Sport Intercooled Turbo Gas/Electric I-6 3.3 L/200 For sale at Dahl Automotive in La Crosse Wisconsin.	https://content.homenetiol.com/2003378/2286650/0x0/a8241e3f60cc44338d3dd8a39d8b962f.jpg	in stock	USED	SUV	Vehicles & Parts > Vehicles > Motor Vehicles > Cars, Trucks & Vans	JM3KKCHD4T1355948	https://www.dahlauto.com/viewdetails/cpo/jm3kkchd4t1355948/2026-mazda-cx-90-sport-utility/123?store={store_code}	WHITE	21191 miles	CX-90	JM3KKCHD4T1355948	2026	37999 USD	Dahl Mazda	37999 USD	MI
JTND4MBE1T3257186	2026 Toyota Corolla Hatchback SE	Toyota	https://www.dahlauto.com/viewdetails/cpo/jtnd4mbe1t3257186/2026-toyota-corolla-hatchback-/	26650 USD	2026 Finish Line Red Toyota Corolla SE Regular Unleaded I-4 2.0 L/121 For sale at Dahl Automotive in La Crosse Wisconsin.	https://content.homenetiol.com/2003378/2286604/0x0/fcc4dc2054b343c18c251ec5ce76adf4.jpg	in stock	USED	OTHER	Vehicles & Parts > Vehicles > Motor Vehicles > Cars, Trucks & Vans	JTND4MBE1T3257186	https://www.dahlauto.com/viewdetails/cpo/jtnd4mbe1t3257186/2026-toyota-corolla-hatchback-/123?store={store_code}	RED	10281 miles	Corolla	JTND4MBE1T3257186	2026	26650 USD	Toyota	26650 USD	MI
KM8HBCAB6SU225951	2025 Hyundai Kona SEL	Hyundai	https://www.dahlauto.com/viewdetails/cpo/km8hbcab6su225951/2025-hyundai-kona-sport-utility/	23389 USD	2025 Cyber Gray Metallic Hyundai Kona SEL Regular Unleaded I-4 2.0 L/122 For sale at Dahl Automotive in La Crosse Wisconsin.	https://content.homenetiol.com/2003378/2286650/0x0/906cdee37b684ca08fb57a3450b4e694.jpg	in stock	USED	SUV	Vehicles & Parts > Vehicles > Motor Vehicles > Cars, Trucks & Vans	KM8HBCAB6SU225951	https://www.dahlauto.com/viewdetails/cpo/km8hbcab6su225951/2025-hyundai-kona-sport-utility/123?store={store_code}	GRAY	40948 miles	Kona	KM8HBCAB6SU225951	2025	23389 USD	WI025	23389 USD	MI
KM8HBCAB7SU304559	2025 Hyundai Kona SEL	Hyundai	https://www.dahlauto.com/viewdetails/cpo/km8hbcab7su304559/2025-hyundai-kona-sport-utility/	23889 USD	2025 Ultimate Red Metallic Hyundai Kona SEL Regular Unleaded I-4 2.0 L/122 For sale at Dahl Automotive in La Crosse Wisconsin.	https://content.homenetiol.com/2003378/2286650/0x0/b63de43ea7794dedb05759675a2d2e09.jpg	in stock	USED	SUV	Vehicles & Parts > Vehicles > Motor Vehicles > Cars, Trucks & Vans	KM8HBCAB7SU304559	https://www.dahlauto.com/viewdetails/cpo/km8hbcab7su304559/2025-hyundai-kona-sport-utility/123?store={store_code}	RED	36458 miles	Kona	KM8HBCAB7SU304559	2025	23889 USD	WI025	23889 USD	MI
KM8HC3A62SU032518	2025 Hyundai Kona Electric SEL	Hyundai	https://www.dahlauto.com/viewdetails/cpo/km8hc3a62su032518/2025-hyundai-kona-electric-sport-utility/	26349 USD	2025 Meta Blue Pearl Hyundai Kona Electric SEL Electric For sale at Dahl Automotive in La Crosse Wisconsin.	https://content.homenetiol.com/2000157/2065512/0x0/63c2d1da62e9429cbfd8138198606403.jpg	in stock	USED	SUV	Vehicles & Parts > Vehicles > Motor Vehicles > Cars, Trucks & Vans	KM8HC3A62SU032518	https://www.dahlauto.com/viewdetails/cpo/km8hc3a62su032518/2025-hyundai-kona-electric-sport-utility/123?store={store_code}	BLUE	93 miles	Kona Electric	KM8HC3A62SU032518	2025	26349 USD	MN030	26349 USD	MI
KM8HECA32TU360040	2026 Hyundai Kona Limited	Hyundai	https://www.dahlauto.com/viewdetails/cpo/km8heca32tu360040/2026-hyundai-kona-sport-utility/	30549 USD	2026 Denim Blue Pearl Hyundai Kona Limited Intercooled Turbo Regular Gasoline I-4 1.6 L/98 For sale at Dahl Automotive in La Crosse Wisconsin.	https://content.homenetiol.com/2000157/2065512/0x0/58c26364da434e479ffcc2b63feaaeef.jpg	in stock	USED	SUV	Vehicles & Parts > Vehicles > Motor Vehicles > Cars, Trucks & Vans	KM8HECA32TU360040	https://www.dahlauto.com/viewdetails/cpo/km8heca32tu360040/2026-hyundai-kona-sport-utility/123?store={store_code}	BLUE	4472 miles	Kona	KM8HECA32TU360040	2026	30549 USD	MN030	30549 USD	MI
KM8HFCAB0TU366715	2026 Hyundai Kona SEL Sport	Hyundai	https://www.dahlauto.com/viewdetails/cpo/km8hfcab0tu366715/2026-hyundai-kona-sport-utility/	25849 USD	2026 Abyss Black Pearl Hyundai Kona SEL Sport Regular Gasoline I-4 2.0 L/122 For sale at Dahl Automotive in La Crosse Wisconsin.	https://content.homenetiol.com/2000157/2065512/0x0/17db71982af64dde812b0d7911f20f9c.jpg	in stock	USED	SUV	Vehicles & Parts > Vehicles > Motor Vehicles > Cars, Trucks & Vans	KM8HFCAB0TU366715	https://www.dahlauto.com/viewdetails/cpo/km8hfcab0tu366715/2026-hyundai-kona-sport-utility/123?store={store_code}	BLACK	7218 miles	Kona	KM8HFCAB0TU366715	2026	25849 USD	MN030	25849 USD	MI
KM8HFCAB5TU357881	2026 Hyundai Kona SEL Sport	Hyundai	https://www.dahlauto.com/viewdetails/cpo/km8hfcab5tu357881/2026-hyundai-kona-sport-utility/	25849 USD	2026 Atlas White Hyundai Kona SEL Sport Regular Gasoline I-4 2.0 L/122 For sale at Dahl Automotive in La Crosse Wisconsin.	https://content.homenetiol.com/2000157/2065512/0x0/88eb88b6b7b2426ca2381284259dc348.jpg	in stock	USED	SUV	Vehicles & Parts > Vehicles > Motor Vehicles > Cars, Trucks & Vans	KM8HFCAB5TU357881	https://www.dahlauto.com/viewdetails/cpo/km8hfcab5tu357881/2026-hyundai-kona-sport-utility/123?store={store_code}	WHITE	5242 miles	Kona	KM8HFCAB5TU357881	2026	25849 USD	MN030	25849 USD	MI
KM8K6CAB6PU061506	2023 Hyundai Kona SEL	Hyundai	https://www.dahlauto.com/viewdetails/cpo/km8k6cab6pu061506/2023-hyundai-kona-sport-utility/	20339 USD	2023 Cyber Silver Hyundai Kona SEL Regular Unleaded I-4 2.0 L/122 For sale at Dahl Automotive in La Crosse Wisconsin.	https://content.homenetiol.com/2000157/2065512/0x0/ecbc370972774ff9a608ac76ee55a6c9.jpg	in stock	USED	SUV	Vehicles & Parts > Vehicles > Motor Vehicles > Cars, Trucks & Vans	KM8K6CAB6PU061506	https://www.dahlauto.com/viewdetails/cpo/km8k6cab6pu061506/2023-hyundai-kona-sport-utility/123?store={store_code}	SILVER	33284 miles	Kona	KM8K6CAB6PU061506	2023	20339 USD	MN030	20339 USD	MI
KM8R7DGE1RU662182	2024 Hyundai Palisade Calligraphy	Hyundai	https://www.dahlauto.com/viewdetails/cpo/km8r7dge1ru662182/2024-hyundai-palisade-sport-utility/	35599 USD	2024 Abyss Black Pearl Hyundai Palisade Calligraphy Regular Unleaded V-6 3.8 L/231 For sale at Dahl Automotive in La Crosse Wisconsin.	https://content.homenetiol.com/2003378/2286650/0x0/8216e25dab75445fb790153a488ea61c.jpg	in stock	USED	SUV	Vehicles & Parts > Vehicles > Motor Vehicles > Cars, Trucks & Vans	KM8R7DGE1RU662182	https://www.dahlauto.com/viewdetails/cpo/km8r7dge1ru662182/2024-hyundai-palisade-sport-utility/123?store={store_code}	BLACK	62375 miles	Palisade	KM8R7DGE1RU662182	2024	35599 USD	WI025	35599 USD	MI
KM8R7DGE1RU794441	2024 Hyundai Palisade Calligraphy	Hyundai	https://www.dahlauto.com/viewdetails/cpo/km8r7dge1ru794441/2024-hyundai-palisade-sport-utility/	39889 USD	2024 Steel Graphite Hyundai Palisade Calligraphy Regular Unleaded V-6 3.8 L/231 For sale at Dahl Automotive in La Crosse Wisconsin.	https://content.homenetiol.com/2003378/2286650/0x0/1b1c741cb8f74f5d96c66b84c548f9e7.jpg	in stock	USED	SUV	Vehicles & Parts > Vehicles > Motor Vehicles > Cars, Trucks & Vans	KM8R7DGE1RU794441	https://www.dahlauto.com/viewdetails/cpo/km8r7dge1ru794441/2024-hyundai-palisade-sport-utility/123?store={store_code}	GRAY	36701 miles	Palisade	KM8R7DGE1RU794441	2024	39889 USD	WI025	39889 USD	MI
KM8R7DHE8NU429232	2022 Hyundai Palisade Calligraphy	Hyundai	https://www.dahlauto.com/viewdetails/cpo/km8r7dhe8nu429232/2022-hyundai-palisade-sport-utility/	29889 USD	2022 Hyper White Hyundai Palisade Calligraphy Regular Unleaded V-6 3.8 L/231 For sale at Dahl Automotive in La Crosse Wisconsin.	https://content.homenetiol.com/2003378/2286650/0x0/b009489758dc45dca29a39e58afc3a28.jpg	in stock	USED	SUV	Vehicles & Parts > Vehicles > Motor Vehicles > Cars, Trucks & Vans	KM8R7DHE8NU429232	https://www.dahlauto.com/viewdetails/cpo/km8r7dhe8nu429232/2022-hyundai-palisade-sport-utility/123?store={store_code}	WHITE	74549 miles	Palisade	KM8R7DHE8NU429232	2022	29889 USD	WI025	29889 USD	MI
KM8RKES29TU059750	2026 Hyundai Palisade Limited	Hyundai	https://www.dahlauto.com/viewdetails/cpo/km8rkes29tu059750/2026-hyundai-palisade-sport-utility/	47349 USD	2026 Abyss Black Pearl Hyundai Palisade Limited Regular Gasoline V-6 3.5 L/212 For sale at Dahl Automotive in La Crosse Wisconsin.	https://content.homenetiol.com/2000157/2065512/0x0/7d416403aea44089bac8ca730f73a950.jpg	in stock	USED	SUV	Vehicles & Parts > Vehicles > Motor Vehicles > Cars, Trucks & Vans	KM8RKES29TU059750	https://www.dahlauto.com/viewdetails/cpo/km8rkes29tu059750/2026-hyundai-palisade-sport-utility/123?store={store_code}	BLACK	3892 miles	Palisade	KM8RKES29TU059750	2026	47349 USD	MN030	47349 USD	MI
KM8RMES23TU025149	2026 Hyundai Palisade Calligraphy	Hyundai	https://www.dahlauto.com/viewdetails/cpo/km8rmes23tu025149/2026-hyundai-palisade-sport-utility/	49349 USD	2026 Ecotronic Gray Pearl Hyundai Palisade Calligraphy Regular Gasoline V-6 3.5 L/212 For sale at Dahl Automotive in La Crosse Wisconsin.	https://content.homenetiol.com/2000157/2065512/0x0/8a52b8f9231042a2ab7d07ae3f300f8b.jpg	in stock	USED	SUV	Vehicles & Parts > Vehicles > Motor Vehicles > Cars, Trucks & Vans	KM8RMES23TU025149	https://www.dahlauto.com/viewdetails/cpo/km8rmes23tu025149/2026-hyundai-palisade-sport-utility/123?store={store_code}	GRAY	6999 miles	Palisade	KM8RMES23TU025149	2026	49349 USD	MN030	49349 USD	MI
KMHL24JA0TA535698	2026 Hyundai Sonata SE	Hyundai	https://www.dahlauto.com/viewdetails/cpo/kmhl24ja0ta535698/2026-hyundai-sonata-4dr-car/	23849 USD	2026 Abyss Black Hyundai Sonata SE Regular Gasoline I-4 2.5 L/152 For sale at Dahl Automotive in La Crosse Wisconsin.	https://content.homenetiol.com/2000157/2065512/0x0/766f5347123b43cfb1fcacd54b38922c.jpg	in stock	USED	OTHER	Vehicles & Parts > Vehicles > Motor Vehicles > Cars, Trucks & Vans	KMHL24JA0TA535698	https://www.dahlauto.com/viewdetails/cpo/kmhl24ja0ta535698/2026-hyundai-sonata-4dr-car/123?store={store_code}	BLACK	794 miles	Sonata	KMHL24JA0TA535698	2026	23849 USD	MN030	23849 USD	MI
KMHL54JJ8PA059827	2023 Hyundai Sonata Hybrid Limited	Hyundai	https://www.dahlauto.com/viewdetails/cpo/kmhl54jj8pa059827/2023-hyundai-sonata-hybrid-4dr-car/	26389 USD	2023 Hampton Gray Hyundai Sonata Limited Gas/Electric I-4 2.0 L/122 For sale at Dahl Automotive in La Crosse Wisconsin.	https://content.homenetiol.com/2003378/2286650/0x0/44e545eda83942cea1cdf41c297c3e18.jpg	in stock	USED	OTHER	Vehicles & Parts > Vehicles > Motor Vehicles > Cars, Trucks & Vans	KMHL54JJ8PA059827	https://www.dahlauto.com/viewdetails/cpo/kmhl54jj8pa059827/2023-hyundai-sonata-hybrid-4dr-car/123?store={store_code}	GRAY	33633 miles	Sonata	KMHL54JJ8PA059827	2023	26389 USD	WI025	26389 USD	MI
KMHLM4DG5SU018386	2025 Hyundai Elantra SEL Sport	Hyundai	https://www.dahlauto.com/viewdetails/cpo/kmhlm4dg5su018386/2025-hyundai-elantra-4dr-car/	21349 USD	2025 Serenity White Hyundai Elantra SEL Sport Regular Gasoline I-4 2.0 L/122 For sale at Dahl Automotive in La Crosse Wisconsin.	https://content.homenetiol.com/2000157/2065512/0x0/c313646f57194b86ad97d8b0cc7ccf64.jpg	in stock	USED	OTHER	Vehicles & Parts > Vehicles > Motor Vehicles > Cars, Trucks & Vans	KMHLM4DG5SU018386	https://www.dahlauto.com/viewdetails/cpo/kmhlm4dg5su018386/2025-hyundai-elantra-4dr-car/123?store={store_code}	WHITE	6793 miles	Elantra	KMHLM4DG5SU018386	2025	21349 USD	MN030	21349 USD	MI
KMHLN4DJ8SU175807	2025 Hyundai Elantra Hybrid Limited	Hyundai	https://www.dahlauto.com/viewdetails/cpo/kmhln4dj8su175807/2025-hyundai-elantra-hybrid-4dr-car/	25599 USD	2025 Serenity White Hyundai Elantra Limited Gas/Electric I-4 1.6 L/96 For sale at Dahl Automotive in La Crosse Wisconsin.	https://content.homenetiol.com/2000157/2065512/0x0/3465ec3eed3c492cb06824d70d9c4d50.jpg	in stock	USED	OTHER	Vehicles & Parts > Vehicles > Motor Vehicles > Cars, Trucks & Vans	KMHLN4DJ8SU175807	https://www.dahlauto.com/viewdetails/cpo/kmhln4dj8su175807/2025-hyundai-elantra-hybrid-4dr-car/123?store={store_code}	WHITE	2653 miles	Elantra	KMHLN4DJ8SU175807	2025	25599 USD	MN030	25599 USD	MI
KMHRC8A35SU401668	2025 Hyundai Venue SEL	Hyundai	https://www.dahlauto.com/viewdetails/cpo/kmhrc8a35su401668/2025-hyundai-venue-sport-utility/	19849 USD	2025 Ecotronic Gray Hyundai Venue SEL Regular Gasoline I-4 1.6 L/98 For sale at Dahl Automotive in La Crosse Wisconsin.	https://content.homenetiol.com/2000157/2065512/0x0/0199accf550c4d4485c3dcad57f662b4.jpg	in stock	USED	SUV	Vehicles & Parts > Vehicles > Motor Vehicles > Cars, Trucks & Vans	KMHRC8A35SU401668	https://www.dahlauto.com/viewdetails/cpo/kmhrc8a35su401668/2025-hyundai-venue-sport-utility/123?store={store_code}	GRAY	5545 miles	Venue	KMHRC8A35SU401668	2025	19849 USD	MN030	19849 USD	MI
KMHRC8A39TU424467	2026 Hyundai Venue SEL	Hyundai	https://www.dahlauto.com/viewdetails/cpo/kmhrc8a39tu424467/2026-hyundai-venue-sport-utility/	20649 USD	2026 Ecotronic Gray Hyundai Venue SEL Regular Gasoline I-4 1.6 L/98 For sale at Dahl Automotive in La Crosse Wisconsin.	https://content.homenetiol.com/2000157/2065512/0x0/9d36d21fced34b568f1ffeada02e6f1a.jpg	in stock	USED	SUV	Vehicles & Parts > Vehicles > Motor Vehicles > Cars, Trucks & Vans	KMHRC8A39TU424467	https://www.dahlauto.com/viewdetails/cpo/kmhrc8a39tu424467/2026-hyundai-venue-sport-utility/123?store={store_code}	GRAY	1879 miles	Venue	KMHRC8A39TU424467	2026	20649 USD	MN030	20649 USD	MI
ZACNJDB10PPP69244	2023 Jeep Renegade Upland	Jeep	https://www.dahlauto.com/viewdetails/cpo/zacnjdb10ppp69244/2023-jeep-renegade-sport-utility/	18648 USD	2023 Alpine White Clearcoat Jeep Renegade Upland Intercooled Turbo Premium Unleaded I-4 1.3 L/81 For sale at Dahl Automotive in La Crosse Wisconsin.	https://content.homenetiol.com/2000157/2065512/0x0/e4dcd9a9d7fc42b7900095a0a388012a.jpg	in stock	USED	SUV	Vehicles & Parts > Vehicles > Motor Vehicles > Cars, Trucks & Vans	ZACNJDB10PPP69244	https://www.dahlauto.com/viewdetails/cpo/zacnjdb10ppp69244/2023-jeep-renegade-sport-utility/123?store={store_code}	WHITE	64907 miles	Renegade	ZACNJDB10PPP69244	2023	18648 USD	60958	18648 USD	MI
