id	title	brand	link	vehicle MSRP	description	image_link	availability	condition	product_type	google_product_category	MPN	link_template	color	mileage	model	vin	year	price	store code	MSRP	mileage.unit	certified_pre_owned	custom_label_0	custom_label_1	custom_label_2
1C4PJXDN2TW202107	2026 Jeep Wrangler 4-DOOR WILLYS	Jeep	https://www.oliviachryslercenter.com/new/Jeep/2026-Jeep-Wrangler-olivia-mn-c2e0f853ac1851fd6fc6447ad25e54ef.htm	45848 USD	2026 41 Jeep Wrangler 4-DOOR WILLYS 2.0L I4 DOHC DI TURBO ENG W/ESS-Make For sale at Olivia Chrysler Center in Olivia Minnesota.	https://pictures.web.dealer.com/o/oliviachryslercentercllc/1013/d554292d174aa9cc062c6a41883fde97x.jpg	in stock	NEW	SUV	Vehicles & Parts > Vehicles > Motor Vehicles > Cars, Trucks & Vans	1C4PJXDN2TW202107	https://www.oliviachryslercenter.com/new/Jeep/2026-Jeep-Wrangler-olivia-mn-c2e0f853ac1851fd6fc6447ad25e54ef.htm?store={store_code}	NA	0 miles	Wrangler	1C4PJXDN2TW202107	2026	45848 USD	OCDJR	45848 USD	MI	no	Wrangler	No	Over 20k
1FTEX1EP2KKC86339	2019 Ford F-150	Ford	https://www.oliviachryslercenter.com/used/Ford/2019-Ford-F-150-olivia-mn-e91ffd9aac180e9912b4aee812220870.htm	25381 USD	2019 Ford F-150 2.7L V-6 cyl For sale at Olivia Chrysler Center in Olivia Minnesota.	https://pictures.web.dealer.com/o/oliviachryslercentercllc/1210/ba70cd8712970fda3ae464613e357ef3x.jpg	in stock	USED	TRUCK	Vehicles & Parts > Vehicles > Motor Vehicles > Cars, Trucks & Vans	1FTEX1EP2KKC86339	https://www.oliviachryslercenter.com/used/Ford/2019-Ford-F-150-olivia-mn-e91ffd9aac180e9912b4aee812220870.htm?store={store_code}	NA	66203 miles	F-150	1FTEX1EP2KKC86339	2019	25381 USD	OCDJR	25381 USD	MI	no	F-150	No	Over 20k
3VV2B7AX4LM089162	2020 Volkswagen Tiguan 2.0T	Volkswagen	https://www.oliviachryslercenter.com/used/Volkswagen/2020-Volkswagen-Tiguan-olivia-mn-ab381158ac1812be80b66b4fbad61b1e.htm	14660 USD	2020 Volkswagen Tiguan 2.0T 2.0L Turbo Regular Unleaded I-4 121 For sale at Olivia Chrysler Center in Olivia Minnesota.	https://pictures.web.dealer.com/o/oliviachryslercentercllc/1833/f01b91f7fa97c9439d049743f983ffd7x.jpg	in stock	USED	SUV	Vehicles & Parts > Vehicles > Motor Vehicles > Cars, Trucks & Vans	3VV2B7AX4LM089162	https://www.oliviachryslercenter.com/used/Volkswagen/2020-Volkswagen-Tiguan-olivia-mn-ab381158ac1812be80b66b4fbad61b1e.htm?store={store_code}	NA	105764 miles	Tiguan	3VV2B7AX4LM089162	2020	14660 USD	OCDJR	14660 USD	MI	no	Tiguan	No	Under 20k
2C4RC3BGXTR166837	2026 Chrysler Pacifica SELECT AWD	Chrysler	https://www.oliviachryslercenter.com/new/Chrysler/2026-Chrysler-Pacifica-olivia-mn-ebdfc95aac184236e10863afc9a31f91.htm	42155 USD	2026 Bright White Chrysler Pacifica SELECT AWD 3.6L V6 24V VVT Engine Upg I w/ESS For sale at Olivia Chrysler Center in Olivia Minnesota.	https://pictures.web.dealer.com/o/oliviachryslercentercllc/0832/e5e8a40c349a1d1bd7dc3cad547ac63dx.jpg	in stock	NEW	VAN	Vehicles & Parts > Vehicles > Motor Vehicles > Cars, Trucks & Vans	2C4RC3BGXTR166837	https://www.oliviachryslercenter.com/new/Chrysler/2026-Chrysler-Pacifica-olivia-mn-ebdfc95aac184236e10863afc9a31f91.htm?store={store_code}	WHITE	0 miles	Pacifica	2C4RC3BGXTR166837	2026	42155 USD	OCDJR	42155 USD	MI	no	Pacifica	No	Over 20k
2C4RC1BG4TR222078	2026 Chrysler Pacifica SELECT	Chrysler	https://www.oliviachryslercenter.com/new/Chrysler/2026-Chrysler-Pacifica-olivia-mn-ec139eebac185214a28b007ba2fed941.htm	38760 USD	2026 Diamond Black Crystal Pearlcoat Chrysler Pacifica SELECT 3.6L V6 24V VVT Engine Upg I w/ESS For sale at Olivia Chrysler Center in Olivia Minnesota.	https://pictures.web.dealer.com/o/oliviachryslercentercllc/1661/ddd05637d52ac4cf0ed5409d4f2e10c0x.jpg	in stock	NEW	VAN	Vehicles & Parts > Vehicles > Motor Vehicles > Cars, Trucks & Vans	2C4RC1BG4TR222078	https://www.oliviachryslercenter.com/new/Chrysler/2026-Chrysler-Pacifica-olivia-mn-ec139eebac185214a28b007ba2fed941.htm?store={store_code}	BLACK	0 miles	Pacifica	2C4RC1BG4TR222078	2026	38760 USD	OCDJR	38760 USD	MI	no	Pacifica	No	Over 20k
2C4RC3BG5VR550611	2027 Chrysler Pacifica SELECT AWD	Chrysler	https://www.oliviachryslercenter.com/new/Chrysler/2027-Chrysler-Pacifica-olivia-mn-a2873359ac183ecbd73d4eaeee8be94c.htm	50475 USD	2027 Diamond Black Crystal Pearlcoat Chrysler Pacifica SELECT AWD 3.6L V6 24V VVT Engine Upg I w/ESS For sale at Olivia Chrysler Center in Olivia Minnesota.	https://pictures.web.dealer.com/o/oliviachryslercentercllc/0405/49feb0abf9adac3490e137f3a6dcd6e2x.jpg	in stock	NEW	VAN	Vehicles & Parts > Vehicles > Motor Vehicles > Cars, Trucks & Vans	2C4RC3BG5VR550611	https://www.oliviachryslercenter.com/new/Chrysler/2027-Chrysler-Pacifica-olivia-mn-a2873359ac183ecbd73d4eaeee8be94c.htm?store={store_code}	BLACK	0 miles	Pacifica	2C4RC3BG5VR550611	2027	50475 USD	OCDJR	50475 USD	MI	no	Pacifica	No	Over 20k
2C4RC3GG2VR551241	2027 Chrysler Pacifica LIMITED AWD	Chrysler	https://www.oliviachryslercenter.com/new/Chrysler/2027-Chrysler-Pacifica-olivia-mn-a28734aaac183f8e6f12a6e3aba5a0df.htm	53380 USD	2027 Diamond Black Crystal Pearlcoat Chrysler Pacifica LIMITED AWD 3.6L V6 24V VVT Engine Upg I w/ESS For sale at Olivia Chrysler Center in Olivia Minnesota.	https://pictures.web.dealer.com/o/oliviachryslercentercllc/1759/8cae54caf4412fe265ea57fbcaf4abbax.jpg	in stock	NEW	VAN	Vehicles & Parts > Vehicles > Motor Vehicles > Cars, Trucks & Vans	2C4RC3GG2VR551241	https://www.oliviachryslercenter.com/new/Chrysler/2027-Chrysler-Pacifica-olivia-mn-a28734aaac183f8e6f12a6e3aba5a0df.htm?store={store_code}	BLACK	0 miles	Pacifica	2C4RC3GG2VR551241	2027	53380 USD	OCDJR	53380 USD	MI	no	Pacifica	No	Over 20k
2C3CDANP5TR287119	2026 Dodge Charger R/T 4-DOOR AWD	Dodge	https://www.oliviachryslercenter.com/new/Dodge/2026-Dodge-Charger-olivia-mn-c218ed4cac18347b8bc59a21a339d8a2.htm	54925 USD	2026 Diamond Black Crystal Pearlcoat Dodge Charger R/T 4-DOOR AWD 3.0L Twin Turbo SIXPACK SO ESS For sale at Olivia Chrysler Center in Olivia Minnesota.	https://pictures.web.dealer.com/o/oliviachryslercentercllc/1306/0caf3702cf40942565498783ee09a24cx.jpg	in stock	NEW	OTHER	Vehicles & Parts > Vehicles > Motor Vehicles > Cars, Trucks & Vans	2C3CDANP5TR287119	https://www.oliviachryslercenter.com/new/Dodge/2026-Dodge-Charger-olivia-mn-c218ed4cac18347b8bc59a21a339d8a2.htm?store={store_code}	BLACK	0 miles	Charger	2C3CDANP5TR287119	2026	54925 USD	OCDJR	54925 USD	MI	no	Charger	No	Over 20k
1C4RDJDG5TC278338	2026 Dodge Durango GT PLUS AWD	Dodge	https://www.oliviachryslercenter.com/new/Dodge/2026-Dodge-Durango-olivia-mn-11d06e14ac184469d1e6af0f425a17c7.htm	44430 USD	2026 Destroyer Gray Dodge Durango GT PLUS AWD 3.6L V6 24V VVT Engine Upg I w/ESS For sale at Olivia Chrysler Center in Olivia Minnesota.	https://pictures.web.dealer.com/o/oliviachryslercentercllc/1422/70fd067c4f9f55afe5723f36f8f0e820x.jpg	in stock	NEW	SUV	Vehicles & Parts > Vehicles > Motor Vehicles > Cars, Trucks & Vans	1C4RDJDG5TC278338	https://www.oliviachryslercenter.com/new/Dodge/2026-Dodge-Durango-olivia-mn-11d06e14ac184469d1e6af0f425a17c7.htm?store={store_code}	GRAY	0 miles	Durango	1C4RDJDG5TC278338	2026	44430 USD	OCDJR	44430 USD	MI	no	Durango	No	Over 20k
1C4RDJDG4TC311894	2026 Dodge Durango GT PLUS AWD	Dodge	https://www.oliviachryslercenter.com/new/Dodge/2026-Dodge-Durango-olivia-mn-228b11c1ac18424fa430750ee76c3ade.htm	46535 USD	2026 White Knuckle Dodge Durango GT PLUS AWD 3.6L V6 24V VVT Engine Upg I w/ESS For sale at Olivia Chrysler Center in Olivia Minnesota.	https://pictures.web.dealer.com/o/oliviachryslercentercllc/1731/20ee3af318e37a18ae4ccc2e257604eax.jpg	in stock	NEW	SUV	Vehicles & Parts > Vehicles > Motor Vehicles > Cars, Trucks & Vans	1C4RDJDG4TC311894	https://www.oliviachryslercenter.com/new/Dodge/2026-Dodge-Durango-olivia-mn-228b11c1ac18424fa430750ee76c3ade.htm?store={store_code}	WHITE	0 miles	Durango	1C4RDJDG4TC311894	2026	46535 USD	OCDJR	46535 USD	MI	no	Durango	No	Over 20k
1C4RDJDG8TC281217	2026 Dodge Durango GT PLUS AWD	Dodge	https://www.oliviachryslercenter.com/new/Dodge/2026-Dodge-Durango-olivia-mn-33130d45ac18108092dccbddfa0ee921.htm	46630 USD	2026 Red Oxide Dodge Durango GT PLUS AWD 3.6L V6 24V VVT Engine Upg I w/ESS For sale at Olivia Chrysler Center in Olivia Minnesota.	https://pictures.web.dealer.com/o/oliviachryslercentercllc/1253/7ff98f422789c1cd679899942753c804x.jpg	in stock	NEW	SUV	Vehicles & Parts > Vehicles > Motor Vehicles > Cars, Trucks & Vans	1C4RDJDG8TC281217	https://www.oliviachryslercenter.com/new/Dodge/2026-Dodge-Durango-olivia-mn-33130d45ac18108092dccbddfa0ee921.htm?store={store_code}	RED	0 miles	Durango	1C4RDJDG8TC281217	2026	46630 USD	OCDJR	46630 USD	MI	no	Durango	No	Over 20k
1C4RDJDG7TC256731	2026 Dodge Durango GT PLUS AWD	Dodge	https://www.oliviachryslercenter.com/new/Dodge/2026-Dodge-Durango-olivia-mn-3c3254c9ac184fc83ca98b6a76e69424.htm	50185 USD	2026 DB Black Dodge Durango GT PLUS AWD 3.6L V6 24V VVT Engine Upg I w/ESS For sale at Olivia Chrysler Center in Olivia Minnesota.	https://pictures.web.dealer.com/o/oliviachryslercentercllc/1783/368e2f8c5bd1aadae7dec6b083b43d34x.jpg	in stock	NEW	SUV	Vehicles & Parts > Vehicles > Motor Vehicles > Cars, Trucks & Vans	1C4RDJDG7TC256731	https://www.oliviachryslercenter.com/new/Dodge/2026-Dodge-Durango-olivia-mn-3c3254c9ac184fc83ca98b6a76e69424.htm?store={store_code}	BLACK	0 miles	Durango	1C4RDJDG7TC256731	2026	50185 USD	OCDJR	50185 USD	MI	no	Durango	No	Over 20k
1C4RDJDG5TC277397	2026 Dodge Durango GT PLUS AWD	Dodge	https://www.oliviachryslercenter.com/new/Dodge/2026-Dodge-Durango-olivia-mn-51f9319dac180e13da5ab05d25de6210.htm	46855 USD	2026 B5 Blue Dodge Durango GT PLUS AWD 3.6L V6 24V VVT Engine Upg I w/ESS For sale at Olivia Chrysler Center in Olivia Minnesota.	https://pictures.web.dealer.com/o/oliviachryslercentercllc/1113/8c61a6ab0bc2f57be517f32e3e12b5f3x.jpg	in stock	NEW	SUV	Vehicles & Parts > Vehicles > Motor Vehicles > Cars, Trucks & Vans	1C4RDJDG5TC277397	https://www.oliviachryslercenter.com/new/Dodge/2026-Dodge-Durango-olivia-mn-51f9319dac180e13da5ab05d25de6210.htm?store={store_code}	BLUE	0 miles	Durango	1C4RDJDG5TC277397	2026	46855 USD	OCDJR	46855 USD	MI	no	Durango	No	Over 20k
1C4SDJCT5TC227700	2026 Dodge Durango GT PLUS AWD HEMI V8	Dodge	https://www.oliviachryslercenter.com/new/Dodge/2026-Dodge-Durango-olivia-mn-54a97979ac1844ad74a38acf101c4943.htm	46560 USD	2026 White Knuckle Dodge Durango GT PLUS AWD HEMI V8 5.7L V8 HEMI MDS VVT For sale at Olivia Chrysler Center in Olivia Minnesota.	https://pictures.web.dealer.com/o/oliviachryslercentercllc/1020/9219e154664efae6bd370f1a8d88476ex.jpg	in stock	NEW	SUV	Vehicles & Parts > Vehicles > Motor Vehicles > Cars, Trucks & Vans	1C4SDJCT5TC227700	https://www.oliviachryslercenter.com/new/Dodge/2026-Dodge-Durango-olivia-mn-54a97979ac1844ad74a38acf101c4943.htm?store={store_code}	WHITE	0 miles	Durango	1C4SDJCT5TC227700	2026	46560 USD	OCDJR	46560 USD	MI	no	Durango	No	Over 20k
1C4RDJDG8TC281038	2026 Dodge Durango GT PLUS AWD	Dodge	https://www.oliviachryslercenter.com/new/Dodge/2026-Dodge-Durango-olivia-mn-6bb8e8d7ac184db46fa63ee48b32037e.htm	46630 USD	2026 Destroyer Gray Dodge Durango GT PLUS AWD 3.6L V6 24V VVT Engine Upg I w/ESS For sale at Olivia Chrysler Center in Olivia Minnesota.	https://pictures.web.dealer.com/o/oliviachryslercentercllc/1179/c34dc6a5bbbf1a98152ff15b5c5e2deex.jpg	in stock	NEW	SUV	Vehicles & Parts > Vehicles > Motor Vehicles > Cars, Trucks & Vans	1C4RDJDG8TC281038	https://www.oliviachryslercenter.com/new/Dodge/2026-Dodge-Durango-olivia-mn-6bb8e8d7ac184db46fa63ee48b32037e.htm?store={store_code}	GRAY	0 miles	Durango	1C4RDJDG8TC281038	2026	46630 USD	OCDJR	46630 USD	MI	no	Durango	No	Over 20k
1C4SDJCTXTC219074	2026 Dodge Durango GT PREMIUM AWD HEMI V8	Dodge	https://www.oliviachryslercenter.com/new/Dodge/2026-Dodge-Durango-olivia-mn-7c4072a1ac181e283c36b6948e2d5f5f.htm	58450 USD	2026 Destroyer Gray Dodge Durango GT PREMIUM AWD HEMI V8 5.7L V8 HEMI MDS VVT For sale at Olivia Chrysler Center in Olivia Minnesota.	https://pictures.web.dealer.com/o/oliviachryslercentercllc/0850/4d675f8d7a0b9e5ada175b3d0ee5a5b9x.jpg	in stock	NEW	SUV	Vehicles & Parts > Vehicles > Motor Vehicles > Cars, Trucks & Vans	1C4SDJCTXTC219074	https://www.oliviachryslercenter.com/new/Dodge/2026-Dodge-Durango-olivia-mn-7c4072a1ac181e283c36b6948e2d5f5f.htm?store={store_code}	GRAY	0 miles	Durango	1C4SDJCTXTC219074	2026	58450 USD	OCDJR	58450 USD	MI	no	Durango	No	Over 20k
1C4SDJCT2TC163308	2026 Dodge Durango GT PREMIUM AWD HEMI V8	Dodge	https://www.oliviachryslercenter.com/new/Dodge/2026-Dodge-Durango-olivia-mn-9487c3edac1838769195337ff67f734b.htm	46565 USD	2026 White Knuckle Dodge Durango GT PREMIUM AWD HEMI V8 5.7L V8 HEMI MDS VVT For sale at Olivia Chrysler Center in Olivia Minnesota.	https://pictures.web.dealer.com/o/oliviachryslercentercllc/1139/ed67cc045dec21da58cc7c391ff627d8x.jpg	in stock	NEW	SUV	Vehicles & Parts > Vehicles > Motor Vehicles > Cars, Trucks & Vans	1C4SDJCT2TC163308	https://www.oliviachryslercenter.com/new/Dodge/2026-Dodge-Durango-olivia-mn-9487c3edac1838769195337ff67f734b.htm?store={store_code}	WHITE	45 miles	Durango	1C4SDJCT2TC163308	2026	46565 USD	OCDJR	46565 USD	MI	no	Durango	No	Over 20k
1C4RDJDG3TC292299	2026 Dodge Durango GT AWD	Dodge	https://www.oliviachryslercenter.com/new/Dodge/2026-Dodge-Durango-olivia-mn-be3b05d9ac181b0c5f24b7f16860cb03.htm	41125 USD	2026 Destroyer Gray Dodge Durango GT AWD 3.6L V6 24V VVT Engine Upg I w/ESS For sale at Olivia Chrysler Center in Olivia Minnesota.	https://pictures.web.dealer.com/o/oliviachryslercentercllc/1853/f83e7e7a401a6e5e485c96e6ef30d7d4x.jpg	in stock	NEW	SUV	Vehicles & Parts > Vehicles > Motor Vehicles > Cars, Trucks & Vans	1C4RDJDG3TC292299	https://www.oliviachryslercenter.com/new/Dodge/2026-Dodge-Durango-olivia-mn-be3b05d9ac181b0c5f24b7f16860cb03.htm?store={store_code}	GRAY	0 miles	Durango	1C4RDJDG3TC292299	2026	41125 USD	OCDJR	41125 USD	MI	no	Durango	No	Over 20k
1C4RDJDG8TC170070	2026 Dodge Durango GT PLUS AWD	Dodge	https://www.oliviachryslercenter.com/new/Dodge/2026-Dodge-Durango-olivia-mn-da596684ac18162841248f68bf3997de.htm	46130 USD	2026 Destroyer Gray Dodge Durango GT PLUS AWD 3.6L V6 24V VVT Engine Upg I w/ESS For sale at Olivia Chrysler Center in Olivia Minnesota.	https://pictures.web.dealer.com/o/oliviachryslercentercllc/0070/4f946fc88ce03352ded663d2ee4e2e08x.jpg	in stock	NEW	SUV	Vehicles & Parts > Vehicles > Motor Vehicles > Cars, Trucks & Vans	1C4RDJDG8TC170070	https://www.oliviachryslercenter.com/new/Dodge/2026-Dodge-Durango-olivia-mn-da596684ac18162841248f68bf3997de.htm?store={store_code}	GRAY	0 miles	Durango	1C4RDJDG8TC170070	2026	46130 USD	OCDJR	46130 USD	MI	no	Durango	No	Over 20k
1C4RDJDG3TC233687	2026 Dodge Durango GT AWD	Dodge	https://www.oliviachryslercenter.com/new/Dodge/2026-Dodge-Durango-olivia-mn-e6f5dd41ac1833326061e30c56367811.htm	37565 USD	2026 DB Black Dodge Durango GT AWD 3.6L V6 24V VVT Engine Upg I w/ESS For sale at Olivia Chrysler Center in Olivia Minnesota.	https://pictures.web.dealer.com/o/oliviachryslercentercllc/1465/b80d48cf92ed413517898edee7950e90x.jpg	in stock	NEW	SUV	Vehicles & Parts > Vehicles > Motor Vehicles > Cars, Trucks & Vans	1C4RDJDG3TC233687	https://www.oliviachryslercenter.com/new/Dodge/2026-Dodge-Durango-olivia-mn-e6f5dd41ac1833326061e30c56367811.htm?store={store_code}	BLACK	0 miles	Durango	1C4RDJDG3TC233687	2026	37565 USD	OCDJR	37565 USD	MI	no	Durango	No	Over 20k
1C4RDJDG0TC311892	2026 Dodge Durango GT PLUS AWD	Dodge	https://www.oliviachryslercenter.com/new/Dodge/2026-Dodge-Durango-olivia-mn-f717afeaac1823d859b5afaeb1441a7b.htm	46035 USD	2026 DB Black Dodge Durango GT PLUS AWD 3.6L V6 24V VVT Engine Upg I w/ESS For sale at Olivia Chrysler Center in Olivia Minnesota.	https://pictures.web.dealer.com/o/oliviachryslercentercllc/1175/bb217b9383be5e50b53e938fc3b10ba6x.jpg	in stock	NEW	SUV	Vehicles & Parts > Vehicles > Motor Vehicles > Cars, Trucks & Vans	1C4RDJDG0TC311892	https://www.oliviachryslercenter.com/new/Dodge/2026-Dodge-Durango-olivia-mn-f717afeaac1823d859b5afaeb1441a7b.htm?store={store_code}	BLACK	0 miles	Durango	1C4RDJDG0TC311892	2026	46035 USD	OCDJR	46035 USD	MI	no	Durango	No	Over 20k
1C4RDJDG2TC311893	2026 Dodge Durango GT PLUS AWD	Dodge	https://www.oliviachryslercenter.com/new/Dodge/2026-Dodge-Durango-olivia-mn-f717b113ac1823d859b5afae24f2de9b.htm	46630 USD	2026 Destroyer Gray Dodge Durango GT PLUS AWD 3.6L V6 24V VVT Engine Upg I w/ESS For sale at Olivia Chrysler Center in Olivia Minnesota.	https://pictures.web.dealer.com/o/oliviachryslercentercllc/0071/cd6d472956fed62471cca504d8359720x.jpg	in stock	NEW	SUV	Vehicles & Parts > Vehicles > Motor Vehicles > Cars, Trucks & Vans	1C4RDJDG2TC311893	https://www.oliviachryslercenter.com/new/Dodge/2026-Dodge-Durango-olivia-mn-f717b113ac1823d859b5afae24f2de9b.htm?store={store_code}	GRAY	2 miles	Durango	1C4RDJDG2TC311893	2026	46630 USD	OCDJR	46630 USD	MI	no	Durango	No	Over 20k
3C4PJMB25TT215317	2026 Jeep Cherokee LIMITED 4X4	Jeep	https://www.oliviachryslercenter.com/new/Jeep/2026-Jeep-Cherokee-olivia-mn-3c61c61dac181a9df1190dad33f02aa6.htm	41030 USD	2026 Diamond Black Crystal Pearlcoat Jeep Cherokee LIMITED 4X4 1.6L I4 Turbo Hybrid For sale at Olivia Chrysler Center in Olivia Minnesota.	https://pictures.web.dealer.com/o/oliviachryslercentercllc/1046/eb2433823e5e3065848eaf0769e608e1x.jpg	in stock	NEW	SUV	Vehicles & Parts > Vehicles > Motor Vehicles > Cars, Trucks & Vans	3C4PJMB25TT215317	https://www.oliviachryslercenter.com/new/Jeep/2026-Jeep-Cherokee-olivia-mn-3c61c61dac181a9df1190dad33f02aa6.htm?store={store_code}	BLACK	0 miles	Cherokee	3C4PJMB25TT215317	2026	41030 USD	OCDJR	41030 USD	MI	no	Cherokee	No	Over 20k
3C4PJMB25TT233719	2026 Jeep Cherokee LAREDO 4X4	Jeep	https://www.oliviachryslercenter.com/new/Jeep/2026-Jeep-Cherokee-olivia-mn-b6ce037bac1840774efccaaddaf6e808.htm	36440 USD	2026 Silver Zynith Jeep Cherokee LAREDO 4X4 1.6L I4 Turbo Hybrid For sale at Olivia Chrysler Center in Olivia Minnesota.	https://pictures.web.dealer.com/o/oliviachryslercentercllc/0810/efb12fec84239a75451704be935ea035x.jpg	in stock	NEW	SUV	Vehicles & Parts > Vehicles > Motor Vehicles > Cars, Trucks & Vans	3C4PJMB25TT233719	https://www.oliviachryslercenter.com/new/Jeep/2026-Jeep-Cherokee-olivia-mn-b6ce037bac1840774efccaaddaf6e808.htm?store={store_code}	SILVER	0 miles	Cherokee	3C4PJMB25TT233719	2026	36440 USD	OCDJR	36440 USD	MI	no	Cherokee	No	Over 20k
3C4PJMB24TT204051	2026 Jeep Cherokee LIMITED 4X4	Jeep	https://www.oliviachryslercenter.com/new/Jeep/2026-Jeep-Cherokee-olivia-mn-c477da06ac1807bdc0458511a65e6e77.htm	41638 USD	2026 Diamond Black Crystal Pearlcoat Jeep Cherokee LIMITED 4X4 1.6L I4 Turbo Hybrid For sale at Olivia Chrysler Center in Olivia Minnesota.	https://pictures.web.dealer.com/o/oliviachryslercentercllc/1527/87090881c0ae995f98a8bfe9bab93530x.jpg	in stock	NEW	SUV	Vehicles & Parts > Vehicles > Motor Vehicles > Cars, Trucks & Vans	3C4PJMB24TT204051	https://www.oliviachryslercenter.com/new/Jeep/2026-Jeep-Cherokee-olivia-mn-c477da06ac1807bdc0458511a65e6e77.htm?store={store_code}	BLACK	0 miles	Cherokee	3C4PJMB24TT204051	2026	41638 USD	OCDJR	41638 USD	MI	no	Cherokee	No	Over 20k
3C4PJMB28TT217966	2026 Jeep Cherokee LIMITED 4X4	Jeep	https://www.oliviachryslercenter.com/new/Jeep/2026-Jeep-Cherokee-olivia-mn-cc662170ac185e3b261a30383d63d8fe.htm	38440 USD	2026 Diamond Black Crystal Pearlcoat Jeep Cherokee LIMITED 4X4 1.6L I4 Turbo Hybrid For sale at Olivia Chrysler Center in Olivia Minnesota.	https://pictures.web.dealer.com/o/oliviachryslercentercllc/0415/d0e37b9c3f30a1f92ac33ae4893ded2bx.jpg	in stock	NEW	SUV	Vehicles & Parts > Vehicles > Motor Vehicles > Cars, Trucks & Vans	3C4PJMB28TT217966	https://www.oliviachryslercenter.com/new/Jeep/2026-Jeep-Cherokee-olivia-mn-cc662170ac185e3b261a30383d63d8fe.htm?store={store_code}	BLACK	0 miles	Cherokee	3C4PJMB28TT217966	2026	38440 USD	OCDJR	38440 USD	MI	no	Cherokee	No	Over 20k
3C4PJMB26TT236919	2026 Jeep Cherokee LIMITED 4X4	Jeep	https://www.oliviachryslercenter.com/new/Jeep/2026-Jeep-Cherokee-olivia-mn-d4efa5d6ac1852eb4ec8895915317695.htm	41450 USD	2026 Bright White Jeep Cherokee LIMITED 4X4 1.6L I4 Turbo Hybrid For sale at Olivia Chrysler Center in Olivia Minnesota.	https://pictures.web.dealer.com/o/oliviachryslercentercllc/0474/643b22e9c9a5ab36b672310c081d4147x.jpg	in stock	NEW	SUV	Vehicles & Parts > Vehicles > Motor Vehicles > Cars, Trucks & Vans	3C4PJMB26TT236919	https://www.oliviachryslercenter.com/new/Jeep/2026-Jeep-Cherokee-olivia-mn-d4efa5d6ac1852eb4ec8895915317695.htm?store={store_code}	WHITE	0 miles	Cherokee	3C4PJMB26TT236919	2026	41450 USD	OCDJR	41450 USD	MI	no	Cherokee	No	Over 20k
3C4NJDCN1TT172093	2026 Jeep Compass LIMITED ALTITUDE 4X4	Jeep	https://www.oliviachryslercenter.com/new/Jeep/2026-Jeep-Compass-olivia-mn-47135928ac18490c67c51ee2adfb8ef1.htm	34670 USD	2026 Bright White Jeep Compass LIMITED ALTITUDE 4X4 2.0L I4 DOHC DI TURBO ENG W/ESS-Make For sale at Olivia Chrysler Center in Olivia Minnesota.	https://pictures.web.dealer.com/o/oliviachryslercentercllc/0834/03057bc98baafbc6966cf7d9e9f9ba43x.jpg	in stock	NEW	SUV	Vehicles & Parts > Vehicles > Motor Vehicles > Cars, Trucks & Vans	3C4NJDCN1TT172093	https://www.oliviachryslercenter.com/new/Jeep/2026-Jeep-Compass-olivia-mn-47135928ac18490c67c51ee2adfb8ef1.htm?store={store_code}	WHITE	0 miles	Compass	3C4NJDCN1TT172093	2026	34670 USD	OCDJR	34670 USD	MI	no	Compass	No	Over 20k
3C4NJDCN8TT172091	2026 Jeep Compass LIMITED ALTITUDE 4X4	Jeep	https://www.oliviachryslercenter.com/new/Jeep/2026-Jeep-Compass-olivia-mn-7fee1ad4ac184139e850d70dd4aff5fc.htm	35013 USD	2026 Red Hot Pearlcoat Jeep Compass LIMITED ALTITUDE 4X4 2.0L I4 DOHC DI TURBO ENG W/ESS-Make For sale at Olivia Chrysler Center in Olivia Minnesota.	https://pictures.web.dealer.com/o/oliviachryslercentercllc/1605/5b461f73b69757ff0c45bb729a6eb0f7x.jpg	in stock	NEW	SUV	Vehicles & Parts > Vehicles > Motor Vehicles > Cars, Trucks & Vans	3C4NJDCN8TT172091	https://www.oliviachryslercenter.com/new/Jeep/2026-Jeep-Compass-olivia-mn-7fee1ad4ac184139e850d70dd4aff5fc.htm?store={store_code}	RED	0 miles	Compass	3C4NJDCN8TT172091	2026	35013 USD	OCDJR	35013 USD	MI	no	Compass	No	Over 20k
3C4NJDCN6TT172090	2026 Jeep Compass LIMITED ALTITUDE 4X4	Jeep	https://www.oliviachryslercenter.com/new/Jeep/2026-Jeep-Compass-olivia-mn-8f60ff98ac1853aaae390c6323c4700e.htm	36238 USD	2026 Diamond Black Crystal Pearlcoat Jeep Compass LIMITED ALTITUDE 4X4 2.0L I4 DOHC DI TURBO ENG W/ESS-Make For sale at Olivia Chrysler Center in Olivia Minnesota.	https://pictures.web.dealer.com/o/oliviachryslercentercllc/1988/cce8a1029087629d39718c38f199d622x.jpg	in stock	NEW	SUV	Vehicles & Parts > Vehicles > Motor Vehicles > Cars, Trucks & Vans	3C4NJDCN6TT172090	https://www.oliviachryslercenter.com/new/Jeep/2026-Jeep-Compass-olivia-mn-8f60ff98ac1853aaae390c6323c4700e.htm?store={store_code}	BLACK	2 miles	Compass	3C4NJDCN6TT172090	2026	36238 USD	OCDJR	36238 USD	MI	no	Compass	No	Over 20k
3C4NJDBN5TT200754	2026 Jeep Compass LATITUDE ALTITUDE 4X4	Jeep	https://www.oliviachryslercenter.com/new/Jeep/2026-Jeep-Compass-olivia-mn-c80798c1ac1837d0dfe2868d5735227e.htm	35585 USD	2026 Hydro Blue Pearlcoat Jeep Compass LATITUDE ALTITUDE 4X4 2.0L I4 DOHC DI TURBO ENG W/ESS-Make For sale at Olivia Chrysler Center in Olivia Minnesota.	https://pictures.web.dealer.com/o/oliviachryslercentercllc/0610/8121eae88e4518545a64f3e366a20db8x.jpg	in stock	NEW	SUV	Vehicles & Parts > Vehicles > Motor Vehicles > Cars, Trucks & Vans	3C4NJDBN5TT200754	https://www.oliviachryslercenter.com/new/Jeep/2026-Jeep-Compass-olivia-mn-c80798c1ac1837d0dfe2868d5735227e.htm?store={store_code}	BLUE	0 miles	Compass	3C4NJDBN5TT200754	2026	35585 USD	OCDJR	35585 USD	MI	no	Compass	No	Over 20k
3C4NJDBN3TT200753	2026 Jeep Compass LATITUDE ALTITUDE 4X4	Jeep	https://www.oliviachryslercenter.com/new/Jeep/2026-Jeep-Compass-olivia-mn-cd2deb53ac1837d0dfe2868d1727c68e.htm	36864 USD	2026 Diamond Black Crystal Pearlcoat Jeep Compass LATITUDE ALTITUDE 4X4 2.0L I4 DOHC DI TURBO ENG W/ESS-Make For sale at Olivia Chrysler Center in Olivia Minnesota.	https://pictures.web.dealer.com/o/oliviachryslercentercllc/1212/4ace2f416d10a0bd5a7dcbad8d6a5153x.jpg	in stock	NEW	SUV	Vehicles & Parts > Vehicles > Motor Vehicles > Cars, Trucks & Vans	3C4NJDBN3TT200753	https://www.oliviachryslercenter.com/new/Jeep/2026-Jeep-Compass-olivia-mn-cd2deb53ac1837d0dfe2868d1727c68e.htm?store={store_code}	BLACK	0 miles	Compass	3C4NJDBN3TT200753	2026	36864 USD	OCDJR	36864 USD	MI	no	Compass	No	Over 20k
1C6PJTAG2TL181573	2026 Jeep Gladiator SPORT S 4X4	Jeep	https://www.oliviachryslercenter.com/new/Jeep/2026-Jeep-Gladiator-olivia-mn-975a026cac180e13b403183b7f989d0b.htm	48734 USD	2026 Black Jeep Gladiator SPORT S 4X4 3.6L V6 24V VVT Engine Upg I w/ESS For sale at Olivia Chrysler Center in Olivia Minnesota.	https://pictures.web.dealer.com/o/oliviachryslercentercllc/1988/89cb22c512823d17bd703a2eced0eacfx.jpg	in stock	NEW	TRUCK	Vehicles & Parts > Vehicles > Motor Vehicles > Cars, Trucks & Vans	1C6PJTAG2TL181573	https://www.oliviachryslercenter.com/new/Jeep/2026-Jeep-Gladiator-olivia-mn-975a026cac180e13b403183b7f989d0b.htm?store={store_code}	BLACK	0 miles	Gladiator	1C6PJTAG2TL181573	2026	48734 USD	OCDJR	48734 USD	MI	no	Gladiator	No	Over 20k
1C4RJHBR0TC193736	2026 Jeep Grand Cherokee LIMITED 4X4	Jeep	https://www.oliviachryslercenter.com/new/Jeep/2026-Jeep-Grand-Cherokee-olivia-mn-1546df71ac1829ba410fbf7989373717.htm	45810 USD	2026 Velvet Red Pearlcoat Jeep Grand Cherokee LIMITED 4X4 2.0L HURRICANE 4 TURBO W/ESS For sale at Olivia Chrysler Center in Olivia Minnesota.	https://pictures.web.dealer.com/o/oliviachryslercentercllc/1639/7ab056dbcb828663e6047cc8ef484422x.jpg	in stock	NEW	SUV	Vehicles & Parts > Vehicles > Motor Vehicles > Cars, Trucks & Vans	1C4RJHBR0TC193736	https://www.oliviachryslercenter.com/new/Jeep/2026-Jeep-Grand-Cherokee-olivia-mn-1546df71ac1829ba410fbf7989373717.htm?store={store_code}	RED	0 miles	Grand Cherokee	1C4RJHBR0TC193736	2026	45810 USD	OCDJR	45810 USD	MI	no	Grand Cherokee	No	Over 20k
1C4RJHBR2TC194869	2026 Jeep Grand Cherokee LIMITED 4X4	Jeep	https://www.oliviachryslercenter.com/new/Jeep/2026-Jeep-Grand-Cherokee-olivia-mn-3e79d3b7ac183d2e080a2562995f6a67.htm	42303 USD	2026 Baltic Gray Jeep Grand Cherokee LIMITED 4X4 2.0L HURRICANE 4 TURBO W/ESS For sale at Olivia Chrysler Center in Olivia Minnesota.	https://pictures.web.dealer.com/o/oliviachryslercentercllc/1786/dd3e9b5d645384c6786400d6a77c95afx.jpg	in stock	NEW	SUV	Vehicles & Parts > Vehicles > Motor Vehicles > Cars, Trucks & Vans	1C4RJHBR2TC194869	https://www.oliviachryslercenter.com/new/Jeep/2026-Jeep-Grand-Cherokee-olivia-mn-3e79d3b7ac183d2e080a2562995f6a67.htm?store={store_code}	GRAY	0 miles	Grand Cherokee	1C4RJHBR2TC194869	2026	42303 USD	OCDJR	42303 USD	MI	no	Grand Cherokee	No	Over 20k
1C4RJHBR9T8552178	2026 Jeep Grand Cherokee LIMITED 4X4	Jeep	https://www.oliviachryslercenter.com/new/Jeep/2026-Jeep-Grand-Cherokee-olivia-mn-3e79d618ac182ac7cb1327f05fcd2405.htm	45230 USD	2026 Bright White Jeep Grand Cherokee LIMITED 4X4 2.0L HURRICANE 4 TURBO W/ESS For sale at Olivia Chrysler Center in Olivia Minnesota.	https://pictures.web.dealer.com/o/oliviachryslercentercllc/0909/df8ecac8c98b1a9d93016ed611b027e2x.jpg	in stock	NEW	SUV	Vehicles & Parts > Vehicles > Motor Vehicles > Cars, Trucks & Vans	1C4RJHBR9T8552178	https://www.oliviachryslercenter.com/new/Jeep/2026-Jeep-Grand-Cherokee-olivia-mn-3e79d618ac182ac7cb1327f05fcd2405.htm?store={store_code}	WHITE	0 miles	Grand Cherokee	1C4RJHBR9T8552178	2026	45230 USD	OCDJR	45230 USD	MI	no	Grand Cherokee	No	Over 20k
1C4RJKBR4T8553154	2026 Jeep Grand Cherokee Limited 4x4	Jeep	https://www.oliviachryslercenter.com/new/Jeep/2026-Jeep-Grand-Cherokee-olivia-mn-6d872765ac1859f7ab7450ad38c38189.htm	52255 USD	2026 Velvet Red Pearlcoat Jeep Grand Cherokee Limited 4x4 2.0L HURRICANE 4 TURBO W/ESS For sale at Olivia Chrysler Center in Olivia Minnesota.	https://pictures.web.dealer.com/o/oliviachryslercentercllc/0423/8868114932d9020a11d8fd7a1f5d5a3fx.jpg	in stock	NEW	SUV	Vehicles & Parts > Vehicles > Motor Vehicles > Cars, Trucks & Vans	1C4RJKBR4T8553154	https://www.oliviachryslercenter.com/new/Jeep/2026-Jeep-Grand-Cherokee-olivia-mn-6d872765ac1859f7ab7450ad38c38189.htm?store={store_code}	RED	0 miles	Grand Cherokee	1C4RJKBR4T8553154	2026	52255 USD	OCDJR	52255 USD	MI	no	Grand Cherokee	No	Over 20k
1C4RJKBR5T8564647	2026 Jeep Grand Cherokee L LIMITED 4X4	Jeep	https://www.oliviachryslercenter.com/new/Jeep/2026-Jeep-Grand-Cherokee-olivia-mn-74d90decac182ff5053b2af1a7be3e0d.htm	48415 USD	2026 Steel Blue Jeep Grand Cherokee L LIMITED 4X4 2.0L HURRICANE 4 TURBO W/ESS For sale at Olivia Chrysler Center in Olivia Minnesota.	https://pictures.web.dealer.com/o/oliviachryslercentercllc/1911/88c43b32c0b11d39ac6bc283b20951cbx.jpg	in stock	NEW	SUV	Vehicles & Parts > Vehicles > Motor Vehicles > Cars, Trucks & Vans	1C4RJKBR5T8564647	https://www.oliviachryslercenter.com/new/Jeep/2026-Jeep-Grand-Cherokee-olivia-mn-74d90decac182ff5053b2af1a7be3e0d.htm?store={store_code}	GRAY	0 miles	Grand Cherokee	1C4RJKBR5T8564647	2026	48415 USD	OCDJR	48415 USD	MI	no	Grand Cherokee	No	Over 20k
1C4RJHBR6T8569875	2026 Jeep Grand Cherokee LIMITED 4X4	Jeep	https://www.oliviachryslercenter.com/new/Jeep/2026-Jeep-Grand-Cherokee-olivia-mn-9c70610fac1839c938ebe6728378149a.htm	42217 USD	2026 Copper Shino Jeep Grand Cherokee LIMITED 4X4 2.0L HURRICANE 4 TURBO W/ESS For sale at Olivia Chrysler Center in Olivia Minnesota.	https://pictures.web.dealer.com/o/oliviachryslercentercllc/1884/3afae6df22c11ee1b6ae014b346909a3x.jpg	in stock	NEW	SUV	Vehicles & Parts > Vehicles > Motor Vehicles > Cars, Trucks & Vans	1C4RJHBR6T8569875	https://www.oliviachryslercenter.com/new/Jeep/2026-Jeep-Grand-Cherokee-olivia-mn-9c70610fac1839c938ebe6728378149a.htm?store={store_code}	ORANGE	0 miles	Grand Cherokee	1C4RJHBR6T8569875	2026	42217 USD	OCDJR	42217 USD	MI	no	Grand Cherokee	No	Over 20k
1C4RJHBR2TC201996	2026 Jeep Grand Cherokee LIMITED 4X4	Jeep	https://www.oliviachryslercenter.com/new/Jeep/2026-Jeep-Grand-Cherokee-olivia-mn-a2c9b61eac180483df3059a18506e0e9.htm	43185 USD	2026 Bright White Jeep Grand Cherokee LIMITED 4X4 2.0L HURRICANE 4 TURBO W/ESS For sale at Olivia Chrysler Center in Olivia Minnesota.	https://pictures.web.dealer.com/o/oliviachryslercentercllc/0580/1f92c365e6c9e177248b4c5101a6c28cx.jpg	in stock	NEW	SUV	Vehicles & Parts > Vehicles > Motor Vehicles > Cars, Trucks & Vans	1C4RJHBR2TC201996	https://www.oliviachryslercenter.com/new/Jeep/2026-Jeep-Grand-Cherokee-olivia-mn-a2c9b61eac180483df3059a18506e0e9.htm?store={store_code}	WHITE	0 miles	Grand Cherokee	1C4RJHBR2TC201996	2026	43185 USD	OCDJR	43185 USD	MI	no	Grand Cherokee	No	Over 20k
1C4RJKBR5T8584736	2026 Jeep Grand Cherokee L LIMITED 4X4	Jeep	https://www.oliviachryslercenter.com/new/Jeep/2026-Jeep-Grand-Cherokee-olivia-mn-a2fb541cac1828a5426f66e1cf8b03e7.htm	47000 USD	2026 Baltic Gray Jeep Grand Cherokee L LIMITED 4X4 2.0L HURRICANE 4 TURBO W/ESS For sale at Olivia Chrysler Center in Olivia Minnesota.	https://pictures.web.dealer.com/o/oliviachryslercentercllc/1222/bca2916c0736dc020459e5470d54db6ax.jpg	in stock	NEW	SUV	Vehicles & Parts > Vehicles > Motor Vehicles > Cars, Trucks & Vans	1C4RJKBR5T8584736	https://www.oliviachryslercenter.com/new/Jeep/2026-Jeep-Grand-Cherokee-olivia-mn-a2fb541cac1828a5426f66e1cf8b03e7.htm?store={store_code}	GRAY	0 miles	Grand Cherokee	1C4RJKBR5T8584736	2026	47000 USD	OCDJR	47000 USD	MI	no	Grand Cherokee	No	Over 20k
1C4RJKBR0T8564183	2026 Jeep Grand Cherokee L LIMITED 4X4	Jeep	https://www.oliviachryslercenter.com/new/Jeep/2026-Jeep-Grand-Cherokee-olivia-mn-c5dcb13dac18507099e703838ce9768f.htm	47160 USD	2026 Bright White Jeep Grand Cherokee L LIMITED 4X4 2.0L HURRICANE 4 TURBO W/ESS For sale at Olivia Chrysler Center in Olivia Minnesota.	https://pictures.web.dealer.com/o/oliviachryslercentercllc/1786/e185fdd069f87425a2c6a2903445ad68x.jpg	in stock	NEW	SUV	Vehicles & Parts > Vehicles > Motor Vehicles > Cars, Trucks & Vans	1C4RJKBR0T8564183	https://www.oliviachryslercenter.com/new/Jeep/2026-Jeep-Grand-Cherokee-olivia-mn-c5dcb13dac18507099e703838ce9768f.htm?store={store_code}	WHITE	0 miles	Grand Cherokee	1C4RJKBR0T8564183	2026	47160 USD	OCDJR	47160 USD	MI	no	Grand Cherokee	No	Over 20k
1C4RJKBR4T8586574	2026 Jeep Grand Cherokee L LIMITED 4X4	Jeep	https://www.oliviachryslercenter.com/new/Jeep/2026-Jeep-Grand-Cherokee-olivia-mn-eb153552ac185e3b261a30389ffad786.htm	47000 USD	2026 Diamond Black Crystal Pearlcoat Jeep Grand Cherokee L LIMITED 4X4 2.0L HURRICANE 4 TURBO W/ESS For sale at Olivia Chrysler Center in Olivia Minnesota.	https://pictures.web.dealer.com/o/oliviachryslercentercllc/1213/f0dd20dc5069040c4a51c8d4fa2d0c6dx.jpg	in stock	NEW	SUV	Vehicles & Parts > Vehicles > Motor Vehicles > Cars, Trucks & Vans	1C4RJKBR4T8586574	https://www.oliviachryslercenter.com/new/Jeep/2026-Jeep-Grand-Cherokee-olivia-mn-eb153552ac185e3b261a30389ffad786.htm?store={store_code}	BLACK	0 miles	Grand Cherokee	1C4RJKBR4T8586574	2026	47000 USD	OCDJR	47000 USD	MI	no	Grand Cherokee	No	Over 20k
1C4SJVAP6TS155160	2026 Jeep Grand Wagoneer 4X4	Jeep	https://www.oliviachryslercenter.com/new/Jeep/2026-Jeep-Grand-Wagoneer-olivia-mn-1a6cc91aac1820ccda8c08546535d65f.htm	68838 USD	2026 Bright White Jeep Grand Wagoneer 4X4 3.0L I6 Hurricane SO Twin Turbo ESS For sale at Olivia Chrysler Center in Olivia Minnesota.	https://pictures.web.dealer.com/o/oliviachryslercentercllc/1061/4ac6569b1a7bbd986452d1e72d01891cx.jpg	in stock	NEW	SUV	Vehicles & Parts > Vehicles > Motor Vehicles > Cars, Trucks & Vans	1C4SJVAP6TS155160	https://www.oliviachryslercenter.com/new/Jeep/2026-Jeep-Grand-Wagoneer-olivia-mn-1a6cc91aac1820ccda8c08546535d65f.htm?store={store_code}	WHITE	0 miles	Grand Wagoneer	1C4SJVAP6TS155160	2026	68838 USD	OCDJR	68838 USD	MI	no	Grand Wagoneer	No	Over 20k
1C4PJXFN3TW273331	2026 Jeep Wrangler 4-DOOR RUBICON	Jeep	https://www.oliviachryslercenter.com/new/Jeep/2026-Jeep-Wrangler-olivia-mn-035656eeac1846b2c5d9aed6d0dc7f30.htm	53100 USD	2026 Granite Crystal Jeep Wrangler 4-DOOR RUBICON 2.0L I4 DOHC DI TURBO ENG W/ESS-Make For sale at Olivia Chrysler Center in Olivia Minnesota.	https://pictures.web.dealer.com/o/oliviachryslercentercllc/1945/d7aa392d83b8b6e5bebc94eacc09715ex.jpg	in stock	NEW	SUV	Vehicles & Parts > Vehicles > Motor Vehicles > Cars, Trucks & Vans	1C4PJXFN3TW273331	https://www.oliviachryslercenter.com/new/Jeep/2026-Jeep-Wrangler-olivia-mn-035656eeac1846b2c5d9aed6d0dc7f30.htm?store={store_code}	GRAY	0 miles	Wrangler	1C4PJXFN3TW273331	2026	53100 USD	OCDJR	53100 USD	MI	no	Wrangler	No	Over 20k
3C6SRFFP0T4161172	2026 Ram 1500 BIG HORN CREW CAB 4X4 5'7 BOX	Ram	https://www.oliviachryslercenter.com/new/Ram/2026-Ram-1500-olivia-mn-03565821ac182ff5a1ce99bafcea3326.htm	51994 USD	2026 Granite Crystal Ram 1500 BIG HORN CREW CAB 4X4 5'7 BOX 3.0L I6 Hurricane SO Twin Turbo ESS For sale at Olivia Chrysler Center in Olivia Minnesota.	https://pictures.web.dealer.com/o/oliviachryslercentercllc/0914/19fb0e7008afa502444c1ac5deac754bx.jpg	in stock	NEW	TRUCK	Vehicles & Parts > Vehicles > Motor Vehicles > Cars, Trucks & Vans	3C6SRFFP0T4161172	https://www.oliviachryslercenter.com/new/Ram/2026-Ram-1500-olivia-mn-03565821ac182ff5a1ce99bafcea3326.htm?store={store_code}	GRAY	0 miles	1500	3C6SRFFP0T4161172	2026	51994 USD	OCDJR	51994 USD	MI	no	1500	No	Over 20k
1C6SRFFP2TN168954	2026 Ram 1500 BIG HORN CREW CAB 4X4 5'7 BOX	Ram	https://www.oliviachryslercenter.com/new/Ram/2026-Ram-1500-olivia-mn-0402e0d5ac1839ffd61117da3d766820.htm	51603 USD	2026 Delmonico Red Pearlcoat Ram 1500 BIG HORN CREW CAB 4X4 5'7 BOX 3.0L I6 Hurricane SO Twin Turbo ESS For sale at Olivia Chrysler Center in Olivia Minnesota.	https://pictures.web.dealer.com/o/oliviachryslercentercllc/1015/019610433411685aa2fa59a98af75be7x.jpg	in stock	NEW	TRUCK	Vehicles & Parts > Vehicles > Motor Vehicles > Cars, Trucks & Vans	1C6SRFFP2TN168954	https://www.oliviachryslercenter.com/new/Ram/2026-Ram-1500-olivia-mn-0402e0d5ac1839ffd61117da3d766820.htm?store={store_code}	RED	65 miles	1500	1C6SRFFP2TN168954	2026	51603 USD	OCDJR	51603 USD	MI	no	1500	No	Over 20k
3C6RRFFG9T4179989	2026 Ram 1500 BIG HORN CREW CAB 4X4 5'7 BOX	Ram	https://www.oliviachryslercenter.com/new/Ram/2026-Ram-1500-olivia-mn-04c7e596ac1837f47d123b90ef93b0af.htm	50969 USD	2026 Diamond Black Crystal Pearlcoat Ram 1500 BIG HORN CREW CAB 4X4 5'7 BOX 3.6L V6 24V VVT eTorque Engine Upg I For sale at Olivia Chrysler Center in Olivia Minnesota.	https://pictures.web.dealer.com/o/oliviachryslercentercllc/1298/4689ae48b59901b5e1f3f5a64f707436x.jpg	in stock	NEW	TRUCK	Vehicles & Parts > Vehicles > Motor Vehicles > Cars, Trucks & Vans	3C6RRFFG9T4179989	https://www.oliviachryslercenter.com/new/Ram/2026-Ram-1500-olivia-mn-04c7e596ac1837f47d123b90ef93b0af.htm?store={store_code}	BLACK	0 miles	1500	3C6RRFFG9T4179989	2026	50969 USD	OCDJR	50969 USD	MI	no	1500	No	Over 20k
3C6SRFFP6T4177425	2026 Ram 1500 LONE STAR CREW CAB 4X4 5'7 BOX	Ram	https://www.oliviachryslercenter.com/new/Ram/2026-Ram-1500-olivia-mn-12c90ec6ac185bdee06e809c0c3fc8a6.htm	53107 USD	2026 Diamond Black Crystal Pearlcoat Ram 1500 LONE STAR CREW CAB 4X4 5'7 BOX 3.0L I6 Hurricane SO Twin Turbo ESS For sale at Olivia Chrysler Center in Olivia Minnesota.	https://pictures.web.dealer.com/o/oliviachryslercentercllc/0605/f21d999d40381cb5f42ed4ab1c411e73x.jpg	in stock	NEW	TRUCK	Vehicles & Parts > Vehicles > Motor Vehicles > Cars, Trucks & Vans	3C6SRFFP6T4177425	https://www.oliviachryslercenter.com/new/Ram/2026-Ram-1500-olivia-mn-12c90ec6ac185bdee06e809c0c3fc8a6.htm?store={store_code}	BLACK	0 miles	1500	3C6SRFFP6T4177425	2026	53107 USD	OCDJR	53107 USD	MI	no	1500	No	Over 20k
3C6RRFFG7T4196144	2026 Ram 1500 BIG HORN CREW CAB 4X4 5'7 BOX	Ram	https://www.oliviachryslercenter.com/new/Ram/2026-Ram-1500-olivia-mn-161af4aaac182d5941d2869d8cacda0a.htm	53833 USD	2026 Silver Zynith Ram 1500 BIG HORN CREW CAB 4X4 5'7 BOX 3.6L V6 24V VVT eTorque Engine Upg I For sale at Olivia Chrysler Center in Olivia Minnesota.	https://pictures.web.dealer.com/o/oliviachryslercentercllc/1380/9ce5eeed89b7f8e777a482471732af0bx.jpg	in stock	NEW	TRUCK	Vehicles & Parts > Vehicles > Motor Vehicles > Cars, Trucks & Vans	3C6RRFFG7T4196144	https://www.oliviachryslercenter.com/new/Ram/2026-Ram-1500-olivia-mn-161af4aaac182d5941d2869d8cacda0a.htm?store={store_code}	SILVER	0 miles	1500	3C6RRFFG7T4196144	2026	53833 USD	OCDJR	53833 USD	MI	no	1500	No	Over 20k
1C6SRFUP2TN432628	2026 Ram 1500 RHO CREW CAB 4X4 5'7 BOX	Ram	https://www.oliviachryslercenter.com/new/Ram/2026-Ram-1500-olivia-mn-1d649caaac1831ddf3fc54581becaddb.htm	82348 USD	2026 Silver Zynith Ram 1500 RHO CREW CAB 4X4 5'7 BOX 3.0L I6 Hurricane HO Twin Turbo ESS For sale at Olivia Chrysler Center in Olivia Minnesota.	https://pictures.web.dealer.com/o/oliviachryslercentercllc/0341/a764ae96ea15a0349a6aeaa7f3184cb2x.jpg	in stock	NEW	TRUCK	Vehicles & Parts > Vehicles > Motor Vehicles > Cars, Trucks & Vans	1C6SRFUP2TN432628	https://www.oliviachryslercenter.com/new/Ram/2026-Ram-1500-olivia-mn-1d649caaac1831ddf3fc54581becaddb.htm?store={store_code}	SILVER	0 miles	1500	1C6SRFUP2TN432628	2026	82348 USD	OCDJR	82348 USD	MI	no	1500	No	Over 20k
3C6SRFFPXT4201466	2026 Ram 1500 BIG HORN CREW CAB 4X4 5'7 BOX	Ram	https://www.oliviachryslercenter.com/new/Ram/2026-Ram-1500-olivia-mn-204aa93dac181b397f50d7acdb0e93c8.htm	53286 USD	2026 Silver Zynith Ram 1500 BIG HORN CREW CAB 4X4 5'7 BOX 3.0L I6 Hurricane SO Twin Turbo ESS For sale at Olivia Chrysler Center in Olivia Minnesota.	https://pictures.web.dealer.com/o/oliviachryslercentercllc/1136/9b7da0739fe5bd4d98619578836c0473x.jpg	in stock	NEW	TRUCK	Vehicles & Parts > Vehicles > Motor Vehicles > Cars, Trucks & Vans	3C6SRFFPXT4201466	https://www.oliviachryslercenter.com/new/Ram/2026-Ram-1500-olivia-mn-204aa93dac181b397f50d7acdb0e93c8.htm?store={store_code}	SILVER	0 miles	1500	3C6SRFFPXT4201466	2026	53286 USD	OCDJR	53286 USD	MI	no	1500	No	Over 20k
1C6SRFJT7TN310753	2026 Ram 1500 LARAMIE CREW CAB 4X4 5'7 BOX	Ram	https://www.oliviachryslercenter.com/new/Ram/2026-Ram-1500-olivia-mn-2b348dcaac180fbbb5a0852f4b68de79.htm	66458 USD	2026 Granite Crystal Ram 1500 LARAMIE CREW CAB 4X4 5'7 BOX 5.7L V8 HEMI MDS VVT eTorque For sale at Olivia Chrysler Center in Olivia Minnesota.	https://pictures.web.dealer.com/o/oliviachryslercentercllc/1505/0387ad477605533ec1d82a0f3f213c24x.jpg	in stock	NEW	TRUCK	Vehicles & Parts > Vehicles > Motor Vehicles > Cars, Trucks & Vans	1C6SRFJT7TN310753	https://www.oliviachryslercenter.com/new/Ram/2026-Ram-1500-olivia-mn-2b348dcaac180fbbb5a0852f4b68de79.htm?store={store_code}	GRAY	0 miles	1500	1C6SRFJT7TN310753	2026	66458 USD	OCDJR	66458 USD	MI	no	1500	No	Over 20k
1C6SRFJP7TN157620	2026 Ram 1500 LARAMIE CREW CAB 4X4 5'7 BOX	Ram	https://www.oliviachryslercenter.com/new/Ram/2026-Ram-1500-olivia-mn-3b2a6bbaac184f944c6da18498bc503f.htm	60127 USD	2026 Forged Blue Ram 1500 LARAMIE CREW CAB 4X4 5'7 BOX 3.0L I6 Hurricane SO Twin Turbo ESS For sale at Olivia Chrysler Center in Olivia Minnesota.	https://pictures.web.dealer.com/o/oliviachryslercentercllc/1926/34646356dff57e88ebe2acd9adddc3e9x.jpg	in stock	NEW	TRUCK	Vehicles & Parts > Vehicles > Motor Vehicles > Cars, Trucks & Vans	1C6SRFJP7TN157620	https://www.oliviachryslercenter.com/new/Ram/2026-Ram-1500-olivia-mn-3b2a6bbaac184f944c6da18498bc503f.htm?store={store_code}	BLUE	59 miles	1500	1C6SRFJP7TN157620	2026	60127 USD	OCDJR	60127 USD	MI	no	1500	No	Over 20k
1C6SRFJP6TN402195	2026 Ram 1500 LARAMIE CREW CAB 4X4 5'7 BOX	Ram	https://www.oliviachryslercenter.com/new/Ram/2026-Ram-1500-olivia-mn-3d7b7515ac183497454cbb82b8ff80ae.htm	65578 USD	2026 Molten Red Pearlcoat Ram 1500 LARAMIE CREW CAB 4X4 5'7 BOX 3.0L I6 Hurricane SO Twin Turbo ESS For sale at Olivia Chrysler Center in Olivia Minnesota.	https://pictures.web.dealer.com/o/oliviachryslercentercllc/1715/3f1b4ff0373d82405f8292b76b43fadfx.jpg	in stock	NEW	TRUCK	Vehicles & Parts > Vehicles > Motor Vehicles > Cars, Trucks & Vans	1C6SRFJP6TN402195	https://www.oliviachryslercenter.com/new/Ram/2026-Ram-1500-olivia-mn-3d7b7515ac183497454cbb82b8ff80ae.htm?store={store_code}	RED	0 miles	1500	1C6SRFJP6TN402195	2026	65578 USD	OCDJR	65578 USD	MI	no	1500	No	Over 20k
1C6SRFJPXTN402197	2026 Ram 1500 LARAMIE CREW CAB 4X4 5'7 BOX	Ram	https://www.oliviachryslercenter.com/new/Ram/2026-Ram-1500-olivia-mn-42a183e2ac18460841a5502514df197e.htm	65406 USD	2026 Granite Crystal Ram 1500 LARAMIE CREW CAB 4X4 5'7 BOX 3.0L I6 Hurricane SO Twin Turbo ESS For sale at Olivia Chrysler Center in Olivia Minnesota.	https://pictures.web.dealer.com/o/oliviachryslercentercllc/0691/eb65ef3c18c3ced40a1ed76181e8e131x.jpg	in stock	NEW	TRUCK	Vehicles & Parts > Vehicles > Motor Vehicles > Cars, Trucks & Vans	1C6SRFJPXTN402197	https://www.oliviachryslercenter.com/new/Ram/2026-Ram-1500-olivia-mn-42a183e2ac18460841a5502514df197e.htm?store={store_code}	GRAY	0 miles	1500	1C6SRFJPXTN402197	2026	65406 USD	OCDJR	65406 USD	MI	no	1500	No	Over 20k
1C6SRFFP7TN157173	2026 Ram 1500 BIG HORN CREW CAB 4X4 5'7 BOX	Ram	https://www.oliviachryslercenter.com/new/Ram/2026-Ram-1500-olivia-mn-43a9b50dac183c207990692993da9e39.htm	48444 USD	2026 Bright White Ram 1500 BIG HORN CREW CAB 4X4 5'7 BOX 3.0L I6 Hurricane SO Twin Turbo ESS For sale at Olivia Chrysler Center in Olivia Minnesota.	https://pictures.web.dealer.com/o/oliviachryslercentercllc/1221/a59271d622cf598b8066eff5b93cfa51x.jpg	in stock	NEW	TRUCK	Vehicles & Parts > Vehicles > Motor Vehicles > Cars, Trucks & Vans	1C6SRFFP7TN157173	https://www.oliviachryslercenter.com/new/Ram/2026-Ram-1500-olivia-mn-43a9b50dac183c207990692993da9e39.htm?store={store_code}	WHITE	0 miles	1500	1C6SRFFP7TN157173	2026	48444 USD	OCDJR	48444 USD	MI	no	1500	No	Over 20k
1C6SRFJT6TN348121	2026 Ram 1500 LARAMIE CREW CAB 4X4 5'7 BOX	Ram	https://www.oliviachryslercenter.com/new/Ram/2026-Ram-1500-olivia-mn-4649081cac18269702d9db8bc28826db.htm	63783 USD	2026 Molten Red Pearlcoat Ram 1500 LARAMIE CREW CAB 4X4 5'7 BOX 5.7L V8 HEMI MDS VVT eTorque For sale at Olivia Chrysler Center in Olivia Minnesota.	https://pictures.web.dealer.com/o/oliviachryslercentercllc/1814/7e41d9190cd1aaa90e469d8f645ebc71x.jpg	in stock	NEW	TRUCK	Vehicles & Parts > Vehicles > Motor Vehicles > Cars, Trucks & Vans	1C6SRFJT6TN348121	https://www.oliviachryslercenter.com/new/Ram/2026-Ram-1500-olivia-mn-4649081cac18269702d9db8bc28826db.htm?store={store_code}	RED	0 miles	1500	1C6SRFJT6TN348121	2026	63783 USD	OCDJR	63783 USD	MI	no	1500	No	Over 20k
1C6SRFFT1TN411408	2026 Ram 1500 LONE STAR CREW CAB 4X4 5'7 BOX	Ram	https://www.oliviachryslercenter.com/new/Ram/2026-Ram-1500-olivia-mn-4ceec01eac184fb5b994269ca7a59ad7.htm	53217 USD	2026 Diamond Black Crystal Pearlcoat Ram 1500 LONE STAR CREW CAB 4X4 5'7 BOX 5.7L V8 HEMI MDS VVT eTorque For sale at Olivia Chrysler Center in Olivia Minnesota.	https://pictures.web.dealer.com/o/oliviachryslercentercllc/1668/c89319f5581ae794607b30ad088e76a9x.jpg	in stock	NEW	TRUCK	Vehicles & Parts > Vehicles > Motor Vehicles > Cars, Trucks & Vans	1C6SRFFT1TN411408	https://www.oliviachryslercenter.com/new/Ram/2026-Ram-1500-olivia-mn-4ceec01eac184fb5b994269ca7a59ad7.htm?store={store_code}	BLACK	0 miles	1500	1C6SRFFT1TN411408	2026	53217 USD	OCDJR	53217 USD	MI	no	1500	No	Over 20k
1C6SRFJPXTN172130	2026 Ram 1500 LARAMIE CREW CAB 4X4 5'7 BOX	Ram	https://www.oliviachryslercenter.com/new/Ram/2026-Ram-1500-olivia-mn-62decb5dac18288898fba9753f9fa635.htm	65908 USD	2026 Granite Crystal Ram 1500 LARAMIE CREW CAB 4X4 5'7 BOX 3.0L I6 Hurricane SO Twin Turbo ESS For sale at Olivia Chrysler Center in Olivia Minnesota.	https://pictures.web.dealer.com/o/oliviachryslercentercllc/0123/a02fdc36e4c15933ef1c7612d0162a02x.jpg	in stock	NEW	TRUCK	Vehicles & Parts > Vehicles > Motor Vehicles > Cars, Trucks & Vans	1C6SRFJPXTN172130	https://www.oliviachryslercenter.com/new/Ram/2026-Ram-1500-olivia-mn-62decb5dac18288898fba9753f9fa635.htm?store={store_code}	GRAY	0 miles	1500	1C6SRFJPXTN172130	2026	65908 USD	OCDJR	65908 USD	MI	no	1500	No	Over 20k
1C6SRFFT4TN240041	2026 Ram 1500 BIG HORN CREW CAB 4X4 5'7 BOX	Ram	https://www.oliviachryslercenter.com/new/Ram/2026-Ram-1500-olivia-mn-6a55482eac185330c9029ae39e265665.htm	51717 USD	2026 Billet Silver Ram 1500 BIG HORN CREW CAB 4X4 5'7 BOX 5.7L V8 HEMI MDS VVT eTorque For sale at Olivia Chrysler Center in Olivia Minnesota.	https://pictures.web.dealer.com/o/oliviachryslercentercllc/1786/149d2c5be803d87a70ccf5c722d755a0x.jpg	in stock	NEW	TRUCK	Vehicles & Parts > Vehicles > Motor Vehicles > Cars, Trucks & Vans	1C6SRFFT4TN240041	https://www.oliviachryslercenter.com/new/Ram/2026-Ram-1500-olivia-mn-6a55482eac185330c9029ae39e265665.htm?store={store_code}	SILVER	0 miles	1500	1C6SRFFT4TN240041	2026	51717 USD	OCDJR	51717 USD	MI	no	1500	No	Over 20k
1C6SRFJP8TN152779	2026 Ram 1500 LARAMIE CREW CAB 4X4 5'7 BOX	Ram	https://www.oliviachryslercenter.com/new/Ram/2026-Ram-1500-olivia-mn-6b4088e9ac1814f42b5f378dbdb51b8b.htm	67639 USD	2026 Diamond Black Crystal Pearlcoat Ram 1500 LARAMIE CREW CAB 4X4 5'7 BOX 3.0L I6 Hurricane SO Twin Turbo ESS For sale at Olivia Chrysler Center in Olivia Minnesota.	https://pictures.web.dealer.com/o/oliviachryslercentercllc/1882/e97311596c1ea50fb6d7681b6b24193ex.jpg	in stock	NEW	TRUCK	Vehicles & Parts > Vehicles > Motor Vehicles > Cars, Trucks & Vans	1C6SRFJP8TN152779	https://www.oliviachryslercenter.com/new/Ram/2026-Ram-1500-olivia-mn-6b4088e9ac1814f42b5f378dbdb51b8b.htm?store={store_code}	BLACK	0 miles	1500	1C6SRFJP8TN152779	2026	67639 USD	OCDJR	67639 USD	MI	no	1500	No	Over 20k
1C6SRFJP3TN182921	2026 Ram 1500 LARAMIE CREW CAB 4X4 5'7 BOX	Ram	https://www.oliviachryslercenter.com/new/Ram/2026-Ram-1500-olivia-mn-78f73905ac1858b17e501479c7c65eeb.htm	61390 USD	2026 Bright White Ram 1500 LARAMIE CREW CAB 4X4 5'7 BOX 3.0L I6 Hurricane SO Twin Turbo ESS For sale at Olivia Chrysler Center in Olivia Minnesota.	https://pictures.web.dealer.com/o/oliviachryslercentercllc/1994/2173d82f68c9172f81e5dd6538861352x.jpg	in stock	NEW	TRUCK	Vehicles & Parts > Vehicles > Motor Vehicles > Cars, Trucks & Vans	1C6SRFJP3TN182921	https://www.oliviachryslercenter.com/new/Ram/2026-Ram-1500-olivia-mn-78f73905ac1858b17e501479c7c65eeb.htm?store={store_code}	WHITE	58 miles	1500	1C6SRFJP3TN182921	2026	61390 USD	OCDJR	61390 USD	MI	no	1500	No	Over 20k
1C6SRFFT1TN199593	2026 Ram 1500 BIG HORN CREW CAB 4X4 5'7 BOX	Ram	https://www.oliviachryslercenter.com/new/Ram/2026-Ram-1500-olivia-mn-7c9ecd5fac1831f949505e02703f1506.htm	50658 USD	2026 Bright White Ram 1500 BIG HORN CREW CAB 4X4 5'7 BOX 5.7L V8 HEMI MDS VVT eTorque For sale at Olivia Chrysler Center in Olivia Minnesota.	https://pictures.web.dealer.com/o/oliviachryslercentercllc/1459/3efd8557002dd368a003094cfd943056x.jpg	in stock	NEW	TRUCK	Vehicles & Parts > Vehicles > Motor Vehicles > Cars, Trucks & Vans	1C6SRFFT1TN199593	https://www.oliviachryslercenter.com/new/Ram/2026-Ram-1500-olivia-mn-7c9ecd5fac1831f949505e02703f1506.htm?store={store_code}	WHITE	0 miles	1500	1C6SRFFT1TN199593	2026	50658 USD	OCDJR	50658 USD	MI	no	1500	No	Over 20k
1C6SRFJP9TN415913	2026 Ram 1500 LARAMIE CREW CAB 4X4 5'7 BOX	Ram	https://www.oliviachryslercenter.com/new/Ram/2026-Ram-1500-olivia-mn-7de843d6ac184f05db6a4dabaf0803f2.htm	65406 USD	2026 Granite Crystal Ram 1500 LARAMIE CREW CAB 4X4 5'7 BOX 3.0L I6 Hurricane SO Twin Turbo ESS For sale at Olivia Chrysler Center in Olivia Minnesota.	https://pictures.web.dealer.com/o/oliviachryslercentercllc/1413/d18bde6f0e25bb62e68e558bd7b10d59x.jpg	in stock	NEW	TRUCK	Vehicles & Parts > Vehicles > Motor Vehicles > Cars, Trucks & Vans	1C6SRFJP9TN415913	https://www.oliviachryslercenter.com/new/Ram/2026-Ram-1500-olivia-mn-7de843d6ac184f05db6a4dabaf0803f2.htm?store={store_code}	GRAY	0 miles	1500	1C6SRFJP9TN415913	2026	65406 USD	OCDJR	65406 USD	MI	no	1500	No	Over 20k
1C6SRFJP7TN179018	2026 Ram 1500 LARAMIE CREW CAB 4X4 5'7 BOX	Ram	https://www.oliviachryslercenter.com/new/Ram/2026-Ram-1500-olivia-mn-81ec73c4ac1840e460b67eb289c6cfcd.htm	59564 USD	2026 Granite Crystal Ram 1500 LARAMIE CREW CAB 4X4 5'7 BOX 3.0L I6 Hurricane SO Twin Turbo ESS For sale at Olivia Chrysler Center in Olivia Minnesota.	https://pictures.web.dealer.com/o/oliviachryslercentercllc/1913/7f8eefe4d7024540289fc6493bb074abx.jpg	in stock	NEW	TRUCK	Vehicles & Parts > Vehicles > Motor Vehicles > Cars, Trucks & Vans	1C6SRFJP7TN179018	https://www.oliviachryslercenter.com/new/Ram/2026-Ram-1500-olivia-mn-81ec73c4ac1840e460b67eb289c6cfcd.htm?store={store_code}	GRAY	0 miles	1500	1C6SRFJP7TN179018	2026	59564 USD	OCDJR	59564 USD	MI	no	1500	No	Over 20k
1C6SRFFP6TN152739	2026 Ram 1500 BIG HORN CREW CAB 4X4 5'7 BOX	Ram	https://www.oliviachryslercenter.com/new/Ram/2026-Ram-1500-olivia-mn-845b152aac184f02a9535db68407b528.htm	47478 USD	2026 Bright White Ram 1500 BIG HORN CREW CAB 4X4 5'7 BOX 3.0L I6 Hurricane SO Twin Turbo ESS For sale at Olivia Chrysler Center in Olivia Minnesota.	https://pictures.web.dealer.com/o/oliviachryslercentercllc/1025/bcdee1980ae7236fef43cfbd14f52a36x.jpg	in stock	NEW	TRUCK	Vehicles & Parts > Vehicles > Motor Vehicles > Cars, Trucks & Vans	1C6SRFFP6TN152739	https://www.oliviachryslercenter.com/new/Ram/2026-Ram-1500-olivia-mn-845b152aac184f02a9535db68407b528.htm?store={store_code}	WHITE	0 miles	1500	1C6SRFFP6TN152739	2026	47478 USD	OCDJR	47478 USD	MI	no	1500	No	Over 20k
3C6SRFGP5T4182677	2026 Ram 1500 EXPRESS CREW CAB 4X4 5'7 BOX	Ram	https://www.oliviachryslercenter.com/new/Ram/2026-Ram-1500-olivia-mn-86a8afbfac18269702d9db8bbeaf3707.htm	45240 USD	2026 Diamond Black Crystal Pearlcoat Ram 1500 EXPRESS CREW CAB 4X4 5'7 BOX 3.0L I6 Hurricane SO Twin Turbo ESS For sale at Olivia Chrysler Center in Olivia Minnesota.	https://pictures.web.dealer.com/o/oliviachryslercentercllc/1175/8ba02b2a4e7364a38e4bc108fc14216bx.jpg	in stock	NEW	TRUCK	Vehicles & Parts > Vehicles > Motor Vehicles > Cars, Trucks & Vans	3C6SRFGP5T4182677	https://www.oliviachryslercenter.com/new/Ram/2026-Ram-1500-olivia-mn-86a8afbfac18269702d9db8bbeaf3707.htm?store={store_code}	BLACK	0 miles	1500	3C6SRFGP5T4182677	2026	45240 USD	OCDJR	45240 USD	MI	no	1500	No	Over 20k
1C6SRFJPXTN174668	2026 Ram 1500 LARAMIE CREW CAB 4X4 5'7 BOX	Ram	https://www.oliviachryslercenter.com/new/Ram/2026-Ram-1500-olivia-mn-8e54dc92ac18577119181d5ae373239f.htm	62129 USD	2026 Bright White Ram 1500 LARAMIE CREW CAB 4X4 5'7 BOX 3.0L I6 Hurricane SO Twin Turbo ESS For sale at Olivia Chrysler Center in Olivia Minnesota.	https://pictures.web.dealer.com/o/oliviachryslercentercllc/1537/1bcc338df4447dc7c90d743bf0fd575dx.jpg	in stock	NEW	TRUCK	Vehicles & Parts > Vehicles > Motor Vehicles > Cars, Trucks & Vans	1C6SRFJPXTN174668	https://www.oliviachryslercenter.com/new/Ram/2026-Ram-1500-olivia-mn-8e54dc92ac18577119181d5ae373239f.htm?store={store_code}	WHITE	0 miles	1500	1C6SRFJPXTN174668	2026	62129 USD	OCDJR	62129 USD	MI	no	1500	No	Over 20k
3C6SRFFP1T4154196	2026 Ram 1500 BIG HORN CREW CAB 4X4 5'7 BOX	Ram	https://www.oliviachryslercenter.com/new/Ram/2026-Ram-1500-olivia-mn-9487c26dac18329991bc9b462d2d3747.htm	50929 USD	2026 Granite Crystal Ram 1500 BIG HORN CREW CAB 4X4 5'7 BOX 3.0L I6 Hurricane SO Twin Turbo ESS For sale at Olivia Chrysler Center in Olivia Minnesota.	https://pictures.web.dealer.com/o/oliviachryslercentercllc/1730/72590b82a3cc66c432a41a78c472522ax.jpg	in stock	NEW	TRUCK	Vehicles & Parts > Vehicles > Motor Vehicles > Cars, Trucks & Vans	3C6SRFFP1T4154196	https://www.oliviachryslercenter.com/new/Ram/2026-Ram-1500-olivia-mn-9487c26dac18329991bc9b462d2d3747.htm?store={store_code}	GRAY	78 miles	1500	3C6SRFFP1T4154196	2026	50929 USD	OCDJR	50929 USD	MI	no	1500	No	Over 20k
3C6SRFFP2T4201428	2026 Ram 1500 LONE STAR CREW CAB 4X4 5'7 BOX	Ram	https://www.oliviachryslercenter.com/new/Ram/2026-Ram-1500-olivia-mn-977f9f27ac1818bd061bbe13a251bb94.htm	54929 USD	2026 Granite Crystal Ram 1500 LONE STAR CREW CAB 4X4 5'7 BOX 3.0L I6 Hurricane SO Twin Turbo ESS For sale at Olivia Chrysler Center in Olivia Minnesota.	https://pictures.web.dealer.com/o/oliviachryslercentercllc/1688/1e5bc3c3470a634831d4e2eee48baea6x.jpg	in stock	NEW	TRUCK	Vehicles & Parts > Vehicles > Motor Vehicles > Cars, Trucks & Vans	3C6SRFFP2T4201428	https://www.oliviachryslercenter.com/new/Ram/2026-Ram-1500-olivia-mn-977f9f27ac1818bd061bbe13a251bb94.htm?store={store_code}	GRAY	0 miles	1500	3C6SRFFP2T4201428	2026	54929 USD	OCDJR	54929 USD	MI	no	1500	No	Over 20k
1C6SRFJP2TN402193	2026 Ram 1500 LARAMIE CREW CAB 4X4 5'7 BOX	Ram	https://www.oliviachryslercenter.com/new/Ram/2026-Ram-1500-olivia-mn-98fd71bdac18565efbfe56c4c7e3faa3.htm	63426 USD	2026 Bright White Ram 1500 LARAMIE CREW CAB 4X4 5'7 BOX 3.0L I6 Hurricane SO Twin Turbo ESS For sale at Olivia Chrysler Center in Olivia Minnesota.	https://pictures.web.dealer.com/o/oliviachryslercentercllc/1884/ec4aef4b4ca0f9d55350fd0c7ac11704x.jpg	in stock	NEW	TRUCK	Vehicles & Parts > Vehicles > Motor Vehicles > Cars, Trucks & Vans	1C6SRFJP2TN402193	https://www.oliviachryslercenter.com/new/Ram/2026-Ram-1500-olivia-mn-98fd71bdac18565efbfe56c4c7e3faa3.htm?store={store_code}	WHITE	0 miles	1500	1C6SRFJP2TN402193	2026	63426 USD	OCDJR	63426 USD	MI	no	1500	No	Over 20k
1C6SRFJP7TN157617	2026 Ram 1500 LARAMIE CREW CAB 4X4 5'7 BOX	Ram	https://www.oliviachryslercenter.com/new/Ram/2026-Ram-1500-olivia-mn-a55c6bacac183886ae6bc8d905ac5dbf.htm	60127 USD	2026 Granite Crystal Ram 1500 LARAMIE CREW CAB 4X4 5'7 BOX 3.0L I6 Hurricane SO Twin Turbo ESS For sale at Olivia Chrysler Center in Olivia Minnesota.	https://pictures.web.dealer.com/o/oliviachryslercentercllc/1431/0f717be5e06a5f31a5551551ad0f748dx.jpg	in stock	NEW	TRUCK	Vehicles & Parts > Vehicles > Motor Vehicles > Cars, Trucks & Vans	1C6SRFJP7TN157617	https://www.oliviachryslercenter.com/new/Ram/2026-Ram-1500-olivia-mn-a55c6bacac183886ae6bc8d905ac5dbf.htm?store={store_code}	GRAY	85 miles	1500	1C6SRFJP7TN157617	2026	60127 USD	OCDJR	60127 USD	MI	no	1500	No	Over 20k
1C6SRFFP2TN229042	2026 Ram 1500 BIG HORN CREW CAB 4X4 5'7 BOX	Ram	https://www.oliviachryslercenter.com/new/Ram/2026-Ram-1500-olivia-mn-adb530d7ac1817e23fdc224a90d6b93c.htm	61895 USD	2026 Billet Silver Ram 1500 BIG HORN CREW CAB 4X4 5'7 BOX 3.0L I6 Hurricane SO Twin Turbo ESS For sale at Olivia Chrysler Center in Olivia Minnesota.	https://pictures.web.dealer.com/o/oliviachryslercentercllc/1854/4ae79e35355cef35122703aaf29b9134x.jpg	in stock	NEW	TRUCK	Vehicles & Parts > Vehicles > Motor Vehicles > Cars, Trucks & Vans	1C6SRFFP2TN229042	https://www.oliviachryslercenter.com/new/Ram/2026-Ram-1500-olivia-mn-adb530d7ac1817e23fdc224a90d6b93c.htm?store={store_code}	SILVER	0 miles	1500	1C6SRFFP2TN229042	2026	61895 USD	OCDJR	61895 USD	MI	no	1500	No	Over 20k
1C6SRFFT6TN233317	2026 Ram 1500 BIG HORN CREW CAB 4X4 5'7 BOX	Ram	https://www.oliviachryslercenter.com/new/Ram/2026-Ram-1500-olivia-mn-af21f362ac183899bac477c7b0d37c32.htm	53433 USD	2026 Billet Silver Ram 1500 BIG HORN CREW CAB 4X4 5'7 BOX 5.7L V8 HEMI MDS VVT eTorque For sale at Olivia Chrysler Center in Olivia Minnesota.	https://pictures.web.dealer.com/o/oliviachryslercentercllc/0782/1b10e413d048e87697980bb20d83a8c8x.jpg	in stock	NEW	TRUCK	Vehicles & Parts > Vehicles > Motor Vehicles > Cars, Trucks & Vans	1C6SRFFT6TN233317	https://www.oliviachryslercenter.com/new/Ram/2026-Ram-1500-olivia-mn-af21f362ac183899bac477c7b0d37c32.htm?store={store_code}	SILVER	0 miles	1500	1C6SRFFT6TN233317	2026	53433 USD	OCDJR	53433 USD	MI	no	1500	No	Over 20k
1C6SRFGP8TN377534	2026 Ram 1500 EXPRESS CREW CAB 4X4 5'7 BOX	Ram	https://www.oliviachryslercenter.com/new/Ram/2026-Ram-1500-olivia-mn-b68139f5ac1828bf091d870198b5700f.htm	45416 USD	2026 Forged Blue Ram 1500 EXPRESS CREW CAB 4X4 5'7 BOX 3.0L I6 Hurricane SO Twin Turbo ESS For sale at Olivia Chrysler Center in Olivia Minnesota.	https://pictures.web.dealer.com/o/oliviachryslercentercllc/0257/dbc9a315edd878ef9e5ddba7083c1c58x.jpg	in stock	NEW	TRUCK	Vehicles & Parts > Vehicles > Motor Vehicles > Cars, Trucks & Vans	1C6SRFGP8TN377534	https://www.oliviachryslercenter.com/new/Ram/2026-Ram-1500-olivia-mn-b68139f5ac1828bf091d870198b5700f.htm?store={store_code}	BLUE	0 miles	1500	1C6SRFGP8TN377534	2026	45416 USD	OCDJR	45416 USD	MI	no	1500	No	Over 20k
3C6SRFJP4T4163370	2026 Ram 1500 LARAMIE CREW CAB 4X4 5'7 BOX	Ram	https://www.oliviachryslercenter.com/new/Ram/2026-Ram-1500-olivia-mn-be3b0438ac1842a790ae0d8a6d4a2a34.htm	75850 USD	2026 Granite Crystal Ram 1500 LARAMIE CREW CAB 4X4 5'7 BOX 3.0L I6 Hurricane SO Twin Turbo ESS For sale at Olivia Chrysler Center in Olivia Minnesota.	https://pictures.web.dealer.com/o/oliviachryslercentercllc/0321/c544d00465d1450a40f2ad6f3b4f8ad1x.jpg	in stock	NEW	TRUCK	Vehicles & Parts > Vehicles > Motor Vehicles > Cars, Trucks & Vans	3C6SRFJP4T4163370	https://www.oliviachryslercenter.com/new/Ram/2026-Ram-1500-olivia-mn-be3b0438ac1842a790ae0d8a6d4a2a34.htm?store={store_code}	GRAY	0 miles	1500	3C6SRFJP4T4163370	2026	75850 USD	OCDJR	75850 USD	MI	no	1500	No	Over 20k
1C6SRFJP3TN195751	2026 Ram 1500 LARAMIE CREW CAB 4X4 5'7 BOX	Ram	https://www.oliviachryslercenter.com/new/Ram/2026-Ram-1500-olivia-mn-ea5411b9ac185ff845e3b37279a4702a.htm	60470 USD	2026 Granite Crystal Ram 1500 LARAMIE CREW CAB 4X4 5'7 BOX 3.0L I6 Hurricane SO Twin Turbo ESS For sale at Olivia Chrysler Center in Olivia Minnesota.	https://pictures.web.dealer.com/o/oliviachryslercentercllc/0555/2a42247ca8614eb232389f97c9b17a82x.jpg	in stock	NEW	TRUCK	Vehicles & Parts > Vehicles > Motor Vehicles > Cars, Trucks & Vans	1C6SRFJP3TN195751	https://www.oliviachryslercenter.com/new/Ram/2026-Ram-1500-olivia-mn-ea5411b9ac185ff845e3b37279a4702a.htm?store={store_code}	GRAY	48 miles	1500	1C6SRFJP3TN195751	2026	60470 USD	OCDJR	60470 USD	MI	no	1500	No	Over 20k
1C6RRFFG6TN351983	2026 Ram 1500 BIG HORN CREW CAB 4X4 5'7 BOX	Ram	https://www.oliviachryslercenter.com/new/Ram/2026-Ram-1500-olivia-mn-f19eb824ac180fc2ce3670fe6165f9e2.htm	50247 USD	2026 Serrano Green Ram 1500 BIG HORN CREW CAB 4X4 5'7 BOX 3.6L V6 24V VVT eTorque Engine Upg I For sale at Olivia Chrysler Center in Olivia Minnesota.	https://pictures.web.dealer.com/o/oliviachryslercentercllc/0536/f1fb554bb7f0da297e998ac8ae1f37a5x.jpg	in stock	NEW	TRUCK	Vehicles & Parts > Vehicles > Motor Vehicles > Cars, Trucks & Vans	1C6RRFFG6TN351983	https://www.oliviachryslercenter.com/new/Ram/2026-Ram-1500-olivia-mn-f19eb824ac180fc2ce3670fe6165f9e2.htm?store={store_code}	GREEN	0 miles	1500	1C6RRFFG6TN351983	2026	50247 USD	OCDJR	50247 USD	MI	no	1500	No	Over 20k
1C6SRFJT3TN242581	2026 Ram 1500 LARAMIE CREW CAB 4X4 5'7 BOX	Ram	https://www.oliviachryslercenter.com/new/Ram/2026-Ram-1500-olivia-mn-f2062f75ac1821d1dfd7e2a0d998218f.htm	71330 USD	2026 Forged Blue Ram 1500 LARAMIE CREW CAB 4X4 5'7 BOX 5.7L V8 HEMI MDS VVT eTorque For sale at Olivia Chrysler Center in Olivia Minnesota.	https://pictures.web.dealer.com/o/oliviachryslercentercllc/0914/34c7f01301025fe59d1d5b45610f5d08x.jpg	in stock	NEW	TRUCK	Vehicles & Parts > Vehicles > Motor Vehicles > Cars, Trucks & Vans	1C6SRFJT3TN242581	https://www.oliviachryslercenter.com/new/Ram/2026-Ram-1500-olivia-mn-f2062f75ac1821d1dfd7e2a0d998218f.htm?store={store_code}	BLUE	0 miles	1500	1C6SRFJT3TN242581	2026	71330 USD	OCDJR	71330 USD	MI	no	1500	No	Over 20k
1C6SRFJT5TN242579	2026 Ram 1500 LARAMIE CREW CAB 4X4 5'7 BOX	Ram	https://www.oliviachryslercenter.com/new/Ram/2026-Ram-1500-olivia-mn-f790c7cbac1821d1dfd7e2a052155fcd.htm	70835 USD	2026 Billet Silver Ram 1500 LARAMIE CREW CAB 4X4 5'7 BOX 5.7L V8 HEMI MDS VVT eTorque For sale at Olivia Chrysler Center in Olivia Minnesota.	https://pictures.web.dealer.com/o/oliviachryslercentercllc/0298/70b0b85810388b2b2fa3dd3f413175d6x.jpg	in stock	NEW	TRUCK	Vehicles & Parts > Vehicles > Motor Vehicles > Cars, Trucks & Vans	1C6SRFJT5TN242579	https://www.oliviachryslercenter.com/new/Ram/2026-Ram-1500-olivia-mn-f790c7cbac1821d1dfd7e2a052155fcd.htm?store={store_code}	SILVER	0 miles	1500	1C6SRFJT5TN242579	2026	70835 USD	OCDJR	70835 USD	MI	no	1500	No	Over 20k
3C63R5KL3TG313929	2026 Ram 2500 LARAMIE CREW CAB 4X4 8' BOX	Ram	https://www.oliviachryslercenter.com/new/Ram/2026-Ram-2500-olivia-mn-5095cb42ac184197d0fdba05d43576e7.htm	79749 USD	2026 Diamond Black Crystal Pearlcoat Ram 2500 LARAMIE CREW CAB 4X4 8' BOX 6.7L I6 Cummins HO Turbo Diesel Eng For sale at Olivia Chrysler Center in Olivia Minnesota.	https://pictures.web.dealer.com/o/oliviachryslercentercllc/1070/079294d76c13411dcfb9a48817d869a7x.jpg	in stock	NEW	TRUCK	Vehicles & Parts > Vehicles > Motor Vehicles > Cars, Trucks & Vans	3C63R5KL3TG313929	https://www.oliviachryslercenter.com/new/Ram/2026-Ram-2500-olivia-mn-5095cb42ac184197d0fdba05d43576e7.htm?store={store_code}	BLACK	0 miles	2500	3C63R5KL3TG313929	2026	79749 USD	OCDJR	79749 USD	MI	no	2500	No	Over 20k
3C63R5FL2TG164763	2026 Ram 2500 LARAMIE CREW CAB 4X4 6'4 BOX	Ram	https://www.oliviachryslercenter.com/new/Ram/2026-Ram-2500-olivia-mn-5db8c764ac1812f8737f819e97e11477.htm	75664 USD	2026 Molten Red Pearlcoat Ram 2500 LARAMIE CREW CAB 4X4 6'4 BOX 6.7L I6 Cummins HO Turbo Diesel Eng For sale at Olivia Chrysler Center in Olivia Minnesota.	https://pictures.web.dealer.com/o/oliviachryslercentercllc/0604/6397cb13000a3c6c8b236ce0a659fa6dx.jpg	in stock	NEW	TRUCK	Vehicles & Parts > Vehicles > Motor Vehicles > Cars, Trucks & Vans	3C63R5FL2TG164763	https://www.oliviachryslercenter.com/new/Ram/2026-Ram-2500-olivia-mn-5db8c764ac1812f8737f819e97e11477.htm?store={store_code}	RED	0 miles	2500	3C63R5FL2TG164763	2026	75664 USD	OCDJR	75664 USD	MI	no	2500	No	Over 20k
3C6MRVJGXTE177187	2026 Ram ProMaster PROMASTER 3500 SLT CARGO VAN HIGH ROOF 159' WB EXT	Ram	https://www.oliviachryslercenter.com/new/Ram/2026-Ram-ProMaster-olivia-mn-39529407ac18052e83cad25e71c9398a.htm	57625 USD	2026 Bright White Ram ProMaster PROMASTER 3500 SLT CARGO VAN HIGH ROOF 159' WB EXT 3.6L V6 24V VVT For sale at Olivia Chrysler Center in Olivia Minnesota.	https://pictures.web.dealer.com/o/oliviachryslercentercllc/0189/e6139702f8a3aa469ee4c3d19b57cf16x.jpg	in stock	NEW	VAN	Vehicles & Parts > Vehicles > Motor Vehicles > Cars, Trucks & Vans	3C6MRVJGXTE177187	https://www.oliviachryslercenter.com/new/Ram/2026-Ram-ProMaster-olivia-mn-39529407ac18052e83cad25e71c9398a.htm?store={store_code}	WHITE	2 miles	ProMaster	3C6MRVJGXTE177187	2026	57625 USD	OCDJR	57625 USD	MI	no	ProMaster	No	Over 20k
3C6MRVJG1TE177188	2026 Ram ProMaster PROMASTER 3500 SLT CARGO VAN HIGH ROOF 159' WB EXT	Ram	https://www.oliviachryslercenter.com/new/Ram/2026-Ram-ProMaster-olivia-mn-3952962aac182ac7cb1327f0971815c9.htm	57625 USD	2026 Bright White Ram ProMaster PROMASTER 3500 SLT CARGO VAN HIGH ROOF 159' WB EXT 3.6L V6 24V VVT For sale at Olivia Chrysler Center in Olivia Minnesota.	https://pictures.web.dealer.com/o/oliviachryslercentercllc/0625/e716d6ad5b641e049ce6a5c3f3ead586x.jpg	in stock	NEW	VAN	Vehicles & Parts > Vehicles > Motor Vehicles > Cars, Trucks & Vans	3C6MRVJG1TE177188	https://www.oliviachryslercenter.com/new/Ram/2026-Ram-ProMaster-olivia-mn-3952962aac182ac7cb1327f0971815c9.htm?store={store_code}	WHITE	2 miles	ProMaster	3C6MRVJG1TE177188	2026	57625 USD	OCDJR	57625 USD	MI	no	ProMaster	No	Over 20k
1C6SRFJT8VN553507	2027 Ram 1500 LARAMIE CREW CAB 4X4 5'7 BOX	Ram	https://www.oliviachryslercenter.com/new/Ram/2027-Ram-1500-olivia-mn-a9650029ac1843150406759720b9d899.htm	75465 USD	2027 Diamond Black Crystal Pearlcoat Ram 1500 LARAMIE CREW CAB 4X4 5'7 BOX 5.7L V8 HEMI MDS VVT eTorque For sale at Olivia Chrysler Center in Olivia Minnesota.	https://pictures.web.dealer.com/o/oliviachryslercentercllc/1321/86ba073ffca363e5b6c3cc602f7dbb30x.jpg	in stock	NEW	TRUCK	Vehicles & Parts > Vehicles > Motor Vehicles > Cars, Trucks & Vans	1C6SRFJT8VN553507	https://www.oliviachryslercenter.com/new/Ram/2027-Ram-1500-olivia-mn-a9650029ac1843150406759720b9d899.htm?store={store_code}	BLACK	0 miles	1500	1C6SRFJT8VN553507	2027	75465 USD	OCDJR	75465 USD	MI	no	1500	No	Over 20k
1C6SRFJP7VN550939	2027 Ram 1500 Laramie	Ram	https://www.oliviachryslercenter.com/new/Ram/2027-Ram-1500-olivia-mn-ad967568ac1810ac5033d1c60cf17ebf.htm	78240 USD	2027 Diamond Black Crystal Pearlcoat Ram 1500 Laramie 3.0L I6 Hurricane SO Twin Turbo ESS For sale at Olivia Chrysler Center in Olivia Minnesota.	https://pictures.web.dealer.com/generic-stellantis-OEM_VIN_STOCK_PHOTOS/ecacbed476391106f7810454d399fc3c.jpg	in stock	NEW	TRUCK	Vehicles & Parts > Vehicles > Motor Vehicles > Cars, Trucks & Vans	1C6SRFJP7VN550939	https://www.oliviachryslercenter.com/new/Ram/2027-Ram-1500-olivia-mn-ad967568ac1810ac5033d1c60cf17ebf.htm?store={store_code}	BLACK	0 miles	1500	1C6SRFJP7VN550939	2027	78240 USD	OCDJR	78240 USD	MI	no	1500	No	Over 20k
1C6SRFFP3VN602494	2027 Ram 1500 BIG HORN CREW CAB 4X4 5'7 BOX	Ram	https://www.oliviachryslercenter.com/new/Ram/2027-Ram-1500-olivia-mn-d62238ffac185b5f61b2aa7904a19735.htm	68335 USD	2027 Molten Red Pearlcoat Ram 1500 BIG HORN CREW CAB 4X4 5'7 BOX 3.0L I6 Hurricane SO Twin Turbo ESS For sale at Olivia Chrysler Center in Olivia Minnesota.	https://pictures.web.dealer.com/generic-stellantis-OEM_VIN_STOCK_PHOTOS/8c3403f971cea5d0e41ba3fd34176fdd.jpg	in stock	NEW	TRUCK	Vehicles & Parts > Vehicles > Motor Vehicles > Cars, Trucks & Vans	1C6SRFFP3VN602494	https://www.oliviachryslercenter.com/new/Ram/2027-Ram-1500-olivia-mn-d62238ffac185b5f61b2aa7904a19735.htm?store={store_code}	RED	0 miles	1500	1C6SRFFP3VN602494	2027	68335 USD	OCDJR	68335 USD	MI	no	1500	No	Over 20k
1C6SRFU91VN596070	2027 Ram 1500 TRX SRT CREW CAB 4X4 5'7 BOX	Ram	https://www.oliviachryslercenter.com/new/Ram/2027-Ram-1500-olivia-mn-d6223a3cac180e99e8df509709f94bc1.htm	109515 USD	2027 Diamond Black Crystal Pearlcoat Ram 1500 TRX SRT CREW CAB 4X4 5'7 BOX 6.2L Supercharged HEMI V8 SRT For sale at Olivia Chrysler Center in Olivia Minnesota.	https://pictures.web.dealer.com/generic-stellantis-OEM_VIN_STOCK_PHOTOS/68d703c6ea9b1bd7e08432fed2b3ba57.jpg	in stock	NEW	TRUCK	Vehicles & Parts > Vehicles > Motor Vehicles > Cars, Trucks & Vans	1C6SRFU91VN596070	https://www.oliviachryslercenter.com/new/Ram/2027-Ram-1500-olivia-mn-d6223a3cac180e99e8df509709f94bc1.htm?store={store_code}	BLACK	0 miles	1500	1C6SRFU91VN596070	2027	109515 USD	OCDJR	109515 USD	MI	no	1500	No	Over 20k
1C6SRFJT4VN575276	2027 Ram 1500 LARAMIE CREW CAB 4X4 5'7 BOX	Ram	https://www.oliviachryslercenter.com/new/Ram/2027-Ram-1500-olivia-mn-eaa079c6ac180e9912b4aee8d329d6a1.htm	75960 USD	2027 Serrano Green Ram 1500 LARAMIE CREW CAB 4X4 5'7 BOX 5.7L V8 HEMI MDS VVT For sale at Olivia Chrysler Center in Olivia Minnesota.	https://pictures.web.dealer.com/o/oliviachryslercentercllc/1394/2f0d1957fe2bdaa6214e050f17ae1067x.jpg	in stock	NEW	TRUCK	Vehicles & Parts > Vehicles > Motor Vehicles > Cars, Trucks & Vans	1C6SRFJT4VN575276	https://www.oliviachryslercenter.com/new/Ram/2027-Ram-1500-olivia-mn-eaa079c6ac180e9912b4aee8d329d6a1.htm?store={store_code}	GREEN	0 miles	1500	1C6SRFJT4VN575276	2027	75960 USD	OCDJR	75960 USD	MI	no	1500	No	Over 20k
1C6SRFFP6VN561729	2027 Ram 1500 BIG HORN CREW CAB 4X4 5'7 BOX	Ram	https://www.oliviachryslercenter.com/new/Ram/2027-Ram-1500-olivia-mn-efc6b57fac18102d29ca7f4bb8dc9b44.htm	63670 USD	2027 Bright White Ram 1500 BIG HORN CREW CAB 4X4 5'7 BOX 3.0L I6 Hurricane SO Twin Turbo ESS For sale at Olivia Chrysler Center in Olivia Minnesota.	https://pictures.web.dealer.com/o/oliviachryslercentercllc/1120/40b9ecb3daa4ce31ac38f033c49943b8x.jpg	in stock	NEW	TRUCK	Vehicles & Parts > Vehicles > Motor Vehicles > Cars, Trucks & Vans	1C6SRFFP6VN561729	https://www.oliviachryslercenter.com/new/Ram/2027-Ram-1500-olivia-mn-efc6b57fac18102d29ca7f4bb8dc9b44.htm?store={store_code}	WHITE	0 miles	1500	1C6SRFFP6VN561729	2027	63670 USD	OCDJR	63670 USD	MI	no	1500	No	Over 20k
3C63R3DLXVG405611	2027 Ram 3500 Big Horn	Ram	https://www.oliviachryslercenter.com/new/Ram/2027-Ram-3500-olivia-mn-79543df7ac180e99be2ff67db90e2281.htm	82160 USD	2027 Granite Crystal Ram 3500 Big Horn 6.7L I6 Cummins HO Turbo Diesel Eng For sale at Olivia Chrysler Center in Olivia Minnesota.	https://pictures.web.dealer.com/o/oliviachryslercentercllc/1786/12840f390946eca6998b473d82db7272x.jpg	in stock	NEW	TRUCK	Vehicles & Parts > Vehicles > Motor Vehicles > Cars, Trucks & Vans	3C63R3DLXVG405611	https://www.oliviachryslercenter.com/new/Ram/2027-Ram-3500-olivia-mn-79543df7ac180e99be2ff67db90e2281.htm?store={store_code}	GRAY	0 miles	3500	3C63R3DLXVG405611	2027	82160 USD	OCDJR	82160 USD	MI	no	3500	No	Over 20k
3C63R3DL8VG405610	2027 Ram 3500 Big Horn	Ram	https://www.oliviachryslercenter.com/new/Ram/2027-Ram-3500-olivia-mn-79543fefac1813b262e6ac109905342e.htm	82160 USD	2027 Diamond Black Crystal Pearlcoat Ram 3500 Big Horn 6.7L I6 Cummins HO Turbo Diesel Eng For sale at Olivia Chrysler Center in Olivia Minnesota.	https://pictures.web.dealer.com/generic-stellantis-OEM_VIN_STOCK_PHOTOS/db777c4c25662193d9400484b1b808e5.jpg	in stock	NEW	TRUCK	Vehicles & Parts > Vehicles > Motor Vehicles > Cars, Trucks & Vans	3C63R3DL8VG405610	https://www.oliviachryslercenter.com/new/Ram/2027-Ram-3500-olivia-mn-79543fefac1813b262e6ac109905342e.htm?store={store_code}	BLACK	0 miles	3500	3C63R3DL8VG405610	2027	82160 USD	OCDJR	82160 USD	MI	no	3500	No	Over 20k
3C63R3EL4VG406283	2027 Ram 3500 Laramie	Ram	https://www.oliviachryslercenter.com/new/Ram/2027-Ram-3500-olivia-mn-83525c95ac184d75e32c2e10f47aed62.htm	90000 USD	2027 Forged Blue Ram 3500 Laramie 6.7L I6 Cummins HO Turbo Diesel Eng For sale at Olivia Chrysler Center in Olivia Minnesota.	https://pictures.web.dealer.com/o/oliviachryslercentercllc/1900/d971e25876ee9a0a9b0b97f234d33629x.jpg	in stock	NEW	TRUCK	Vehicles & Parts > Vehicles > Motor Vehicles > Cars, Trucks & Vans	3C63R3EL4VG406283	https://www.oliviachryslercenter.com/new/Ram/2027-Ram-3500-olivia-mn-83525c95ac184d75e32c2e10f47aed62.htm?store={store_code}	BLUE	0 miles	3500	3C63R3EL4VG406283	2027	90000 USD	OCDJR	90000 USD	MI	no	3500	No	Over 20k
3C63R3EL6VG406284	2027 Ram 3500 Laramie	Ram	https://www.oliviachryslercenter.com/new/Ram/2027-Ram-3500-olivia-mn-83525dbbac1813b262e6ac108c1ea41d.htm	89555 USD	2027 Bright White Ram 3500 Laramie 6.7L I6 Cummins HO Turbo Diesel Eng For sale at Olivia Chrysler Center in Olivia Minnesota.	https://pictures.web.dealer.com/o/oliviachryslercentercllc/0253/0f42ec8d19c1f65e23203941e0d6d2e2x.jpg	in stock	NEW	TRUCK	Vehicles & Parts > Vehicles > Motor Vehicles > Cars, Trucks & Vans	3C63R3EL6VG406284	https://www.oliviachryslercenter.com/new/Ram/2027-Ram-3500-olivia-mn-83525dbbac1813b262e6ac108c1ea41d.htm?store={store_code}	WHITE	0 miles	3500	3C63R3EL6VG406284	2027	89555 USD	OCDJR	89555 USD	MI	no	3500	No	Over 20k
3C63R3DLXVG368320	2027 Ram 3500 BIG HORN CREW CAB 4X4 6'4 BOX	Ram	https://www.oliviachryslercenter.com/new/Ram/2027-Ram-3500-olivia-mn-898a7c58ac185d005aaedd201d3a790f.htm	82530 USD	2027 Silver Zynith Ram 3500 BIG HORN CREW CAB 4X4 6'4 BOX 6.7L I6 Cummins HO Turbo Diesel Eng For sale at Olivia Chrysler Center in Olivia Minnesota.	https://pictures.web.dealer.com/o/oliviachryslercentercllc/0583/d2944e3422a37a3a6f0c507b81155558x.jpg	in stock	NEW	TRUCK	Vehicles & Parts > Vehicles > Motor Vehicles > Cars, Trucks & Vans	3C63R3DLXVG368320	https://www.oliviachryslercenter.com/new/Ram/2027-Ram-3500-olivia-mn-898a7c58ac185d005aaedd201d3a790f.htm?store={store_code}	SILVER	0 miles	3500	3C63R3DLXVG368320	2027	82530 USD	OCDJR	82530 USD	MI	no	3500	No	Over 20k
3C63R3DL3VG368319	2027 Ram 3500 BIG HORN CREW CAB 4X4 6'4 BOX	Ram	https://www.oliviachryslercenter.com/new/Ram/2027-Ram-3500-olivia-mn-93f2fd1eac1851c1f80656ff6f8709f7.htm	82530 USD	2027 Granite Crystal Ram 3500 BIG HORN CREW CAB 4X4 6'4 BOX 6.7L I6 Cummins HO Turbo Diesel Eng For sale at Olivia Chrysler Center in Olivia Minnesota.	https://pictures.web.dealer.com/o/oliviachryslercentercllc/0019/28119ec361700ce1542b329c21d95b5bx.jpg	in stock	NEW	TRUCK	Vehicles & Parts > Vehicles > Motor Vehicles > Cars, Trucks & Vans	3C63R3DL3VG368319	https://www.oliviachryslercenter.com/new/Ram/2027-Ram-3500-olivia-mn-93f2fd1eac1851c1f80656ff6f8709f7.htm?store={store_code}	GRAY	0 miles	3500	3C63R3DL3VG368319	2027	82530 USD	OCDJR	82530 USD	MI	no	3500	No	Over 20k
2C4RC1BG4MR579648	2021 Chrysler Pacifica Touring L	Chrysler	https://www.oliviachryslercenter.com/used/Chrysler/2021-Chrysler-Pacifica-olivia-mn-ee459e42ac184d71689b1a5131c16077.htm	17065 USD	2021 Bright White Clearcoat Chrysler Pacifica Touring L 3.6L V-6 cyl For sale at Olivia Chrysler Center in Olivia Minnesota.	https://images.dealer.com/autodata/us/color/2021/USD10CRV091B0/PW7.jpg	in stock	USED	VAN	Vehicles & Parts > Vehicles > Motor Vehicles > Cars, Trucks & Vans	2C4RC1BG4MR579648	https://www.oliviachryslercenter.com/used/Chrysler/2021-Chrysler-Pacifica-olivia-mn-ee459e42ac184d71689b1a5131c16077.htm?store={store_code}	WHITE	123012 miles	Pacifica	2C4RC1BG4MR579648	2021	17065 USD	OCDJR	17065 USD	MI	no	Pacifica	No	Under 20k
2C4RC1BG5NR154523	2022 Chrysler Pacifica Touring L	Chrysler	https://www.oliviachryslercenter.com/used/Chrysler/2022-Chrysler-Pacifica-olivia-mn-ca1dd96dac183203d1d9fe2596c8cefc.htm	18063 USD	2022 Ceramic Gray Clearcoat Chrysler Pacifica Touring L 3.6L V-6 cyl For sale at Olivia Chrysler Center in Olivia Minnesota.	https://pictures.web.dealer.com/o/oliviachryslercentercllc/0275/02fa01e909fc90ba5a776429414f7ef2x.jpg	in stock	USED	VAN	Vehicles & Parts > Vehicles > Motor Vehicles > Cars, Trucks & Vans	2C4RC1BG5NR154523	https://www.oliviachryslercenter.com/used/Chrysler/2022-Chrysler-Pacifica-olivia-mn-ca1dd96dac183203d1d9fe2596c8cefc.htm?store={store_code}	GRAY	102675 miles	Pacifica	2C4RC1BG5NR154523	2022	18063 USD	OCDJR	18063 USD	MI	no	Pacifica	No	Under 20k
1C4RDJDG5LC214221	2020 Dodge Durango GT	Dodge	https://www.oliviachryslercenter.com/used/Dodge/2020-Dodge-Durango-olivia-mn-b584a039ac180edf8db7c8172521f52b.htm	18226 USD	2020 DB Black Dodge Durango GT 3.6L V-6 cyl For sale at Olivia Chrysler Center in Olivia Minnesota.	https://pictures.web.dealer.com/o/oliviachryslercentercllc/0521/a00f1cccc84a74cc3666cdbda83a53a2x.jpg	in stock	USED	SUV	Vehicles & Parts > Vehicles > Motor Vehicles > Cars, Trucks & Vans	1C4RDJDG5LC214221	https://www.oliviachryslercenter.com/used/Dodge/2020-Dodge-Durango-olivia-mn-b584a039ac180edf8db7c8172521f52b.htm?store={store_code}	BLACK	124909 miles	Durango	1C4RDJDG5LC214221	2020	18226 USD	OCDJR	18226 USD	MI	no	Durango	No	Under 20k
1C4RDJDG1LC214510	2020 Dodge Durango GT	Dodge	https://www.oliviachryslercenter.com/used/Dodge/2020-Dodge-Durango-olivia-mn-ee459b03ac182d02991f90958146d47a.htm	24158 USD	2020 White Knuckle Dodge Durango GT 3.6L V-6 cyl For sale at Olivia Chrysler Center in Olivia Minnesota.	https://pictures.web.dealer.com/o/oliviachryslercentercllc/0981/63392c650877a6e1861523e248a6c7c6x.jpg	in stock	USED	SUV	Vehicles & Parts > Vehicles > Motor Vehicles > Cars, Trucks & Vans	1C4RDJDG1LC214510	https://www.oliviachryslercenter.com/used/Dodge/2020-Dodge-Durango-olivia-mn-ee459b03ac182d02991f90958146d47a.htm?store={store_code}	WHITE	61593 miles	Durango	1C4RDJDG1LC214510	2020	24158 USD	OCDJR	24158 USD	MI	no	Durango	No	Over 20k
1C4RDJDG6PC694727	2023 Dodge Durango GT	Dodge	https://www.oliviachryslercenter.com/used/Dodge/2023-Dodge-Durango-olivia-mn-edf8a631ac180771dd7429cba7cf965f.htm	29289 USD	2023 Vapor Gray Dodge Durango GT 3.6L V-6 cyl For sale at Olivia Chrysler Center in Olivia Minnesota.	https://pictures.web.dealer.com/o/oliviachryslercentercllc/1401/cb547bc6050f38512a53e8e0b63bec9fx.jpg	in stock	USED	SUV	Vehicles & Parts > Vehicles > Motor Vehicles > Cars, Trucks & Vans	1C4RDJDG6PC694727	https://www.oliviachryslercenter.com/used/Dodge/2023-Dodge-Durango-olivia-mn-edf8a631ac180771dd7429cba7cf965f.htm?store={store_code}	GRAY	67918 miles	Durango	1C4RDJDG6PC694727	2023	29289 USD	OCDJR	29289 USD	MI	no	Durango	No	Over 20k
2FMPK4K96PBA06563	2023 Ford Edge Titanium	Ford	https://www.oliviachryslercenter.com/used/Ford/2023-Ford-Edge-olivia-mn-5f94b4c9ac1830f8c0647a55609dbe3a.htm	31711 USD	2023 Red Ford Edge Titanium 2.0L I-4 cyl For sale at Olivia Chrysler Center in Olivia Minnesota.	https://pictures.web.dealer.com/o/oliviachryslercentercllc/1327/9425ffb2b97d8ce4fbec30505cbfa1e3x.jpg	in stock	USED	SUV	Vehicles & Parts > Vehicles > Motor Vehicles > Cars, Trucks & Vans	2FMPK4K96PBA06563	https://www.oliviachryslercenter.com/used/Ford/2023-Ford-Edge-olivia-mn-5f94b4c9ac1830f8c0647a55609dbe3a.htm?store={store_code}	RED	20892 miles	Edge	2FMPK4K96PBA06563	2023	31711 USD	OCDJR	31711 USD	MI	no	Edge	No	Over 20k
1FMCU9PA0PUA58077	2023 Ford Escape ST-Line Elite	Ford	https://www.oliviachryslercenter.com/used/Ford/2023-Ford-Escape-olivia-mn-d4a4b1c7ac184a1cdaddc56eb7516828.htm	26418 USD	2023 Carbonized Gray Ford Escape ST-Line Elite 2.0L I-4 cyl For sale at Olivia Chrysler Center in Olivia Minnesota.	https://pictures.web.dealer.com/o/oliviachryslercentercllc/1582/a8a6c6f306b9ff99e4f90566f351c17ex.jpg	in stock	USED	SUV	Vehicles & Parts > Vehicles > Motor Vehicles > Cars, Trucks & Vans	1FMCU9PA0PUA58077	https://www.oliviachryslercenter.com/used/Ford/2023-Ford-Escape-olivia-mn-d4a4b1c7ac184a1cdaddc56eb7516828.htm?store={store_code}	GRAY	21601 miles	Escape	1FMCU9PA0PUA58077	2023	26418 USD	OCDJR	26418 USD	MI	no	Escape	No	Over 20k
1GTU9DEL3KZ120827	2019 GMC Sierra 1500 SLT	GMC	https://www.oliviachryslercenter.com/used/GMC/2019-GMC-Sierra-1500-olivia-mn-45d510f3ac182f002812faebdceed1aa.htm	26271 USD	2019 Summit White GMC Sierra 1500 SLT 6.2L V-8 cyl For sale at Olivia Chrysler Center in Olivia Minnesota.	https://pictures.web.dealer.com/o/oliviachryslercentercllc/0593/165754e0e02aba59184f5d89ffe3ee39x.jpg	in stock	USED	TRUCK	Vehicles & Parts > Vehicles > Motor Vehicles > Cars, Trucks & Vans	1GTU9DEL3KZ120827	https://www.oliviachryslercenter.com/used/GMC/2019-GMC-Sierra-1500-olivia-mn-45d510f3ac182f002812faebdceed1aa.htm?store={store_code}	WHITE	145351 miles	Sierra 1500	1GTU9DEL3KZ120827	2019	26271 USD	OCDJR	26271 USD	MI	no	Sierra 1500	No	Over 20k
5FNYF8H64RB013812	2024 Honda Passport TrailSport	Honda	https://www.oliviachryslercenter.com/used/Honda/2024-Honda-Passport-olivia-mn-8c52256aac1813b262e6ac101730ef25.htm	36751 USD	2024 White Honda Passport TrailSport 3.5L Unleaded V-6 212 For sale at Olivia Chrysler Center in Olivia Minnesota.	https://pictures.web.dealer.com/o/oliviachryslercentercllc/0451/87239e5cd6e844908d1f1586898c3c58x.jpg	in stock	USED	SUV	Vehicles & Parts > Vehicles > Motor Vehicles > Cars, Trucks & Vans	5FNYF8H64RB013812	https://www.oliviachryslercenter.com/used/Honda/2024-Honda-Passport-olivia-mn-8c52256aac1813b262e6ac101730ef25.htm?store={store_code}	WHITE	38853 miles	Passport	5FNYF8H64RB013812	2024	36751 USD	OCDJR	36751 USD	MI	no	Passport	No	Over 20k
1C4HJXFN6LW267219	2020 Jeep Wrangler Unlimited Rubicon	Jeep	https://www.oliviachryslercenter.com/used/Jeep/2020-Jeep-Wrangler-olivia-mn-069f450eac184769a7e64763e99a9939.htm	29897 USD	2020 Ocean Blue Jeep Wrangler Unlimited Rubicon 2.0L I-4 cyl For sale at Olivia Chrysler Center in Olivia Minnesota.	https://pictures.web.dealer.com/o/oliviachryslercentercllc/1319/0fca81b010dd9cca51284cdd92e9881fx.jpg	in stock	USED	SUV	Vehicles & Parts > Vehicles > Motor Vehicles > Cars, Trucks & Vans	1C4HJXFN6LW267219	https://www.oliviachryslercenter.com/used/Jeep/2020-Jeep-Wrangler-olivia-mn-069f450eac184769a7e64763e99a9939.htm?store={store_code}	BLUE	65651 miles	Wrangler	1C4HJXFN6LW267219	2020	29897 USD	OCDJR	29897 USD	MI	no	Wrangler	No	Over 20k
1C4RJKBG3M8163002	2021 Jeep Grand Cherokee L Limited	Jeep	https://www.oliviachryslercenter.com/used/Jeep/2021-Jeep-Grand-Cherokee-L-olivia-mn-d2d40080ac184e80a244154a064398b7.htm	29378 USD	2021 Diamond Black Crystal Pearlcoat Jeep Grand Cherokee L Limited 3.6L V-6 cyl For sale at Olivia Chrysler Center in Olivia Minnesota.	https://pictures.web.dealer.com/o/oliviachryslercentercllc/0468/f9113f29527f7376eb0b295467b5d094x.jpg	in stock	USED	SUV	Vehicles & Parts > Vehicles > Motor Vehicles > Cars, Trucks & Vans	1C4RJKBG3M8163002	https://www.oliviachryslercenter.com/used/Jeep/2021-Jeep-Grand-Cherokee-L-olivia-mn-d2d40080ac184e80a244154a064398b7.htm?store={store_code}	BLACK	60908 miles	Grand Cherokee L	1C4RJKBG3M8163002	2021	29378 USD	OCDJR	29378 USD	MI	no	Grand Cherokee L	No	Over 20k
1C4RJFBG1MC560308	2021 Jeep Grand Cherokee Limited	Jeep	https://www.oliviachryslercenter.com/used/Jeep/2021-Jeep-Grand-Cherokee-olivia-mn-b5849e80ac183203d1d9fe258f82c409.htm	25910 USD	2021 Velvet Red Pearlcoat Jeep Grand Cherokee Limited 3.6L V-6 cyl For sale at Olivia Chrysler Center in Olivia Minnesota.	https://pictures.web.dealer.com/o/oliviachryslercentercllc/1053/9d0f15f5673358626dcf881024b202b6x.jpg	in stock	USED	SUV	Vehicles & Parts > Vehicles > Motor Vehicles > Cars, Trucks & Vans	1C4RJFBG1MC560308	https://www.oliviachryslercenter.com/used/Jeep/2021-Jeep-Grand-Cherokee-olivia-mn-b5849e80ac183203d1d9fe258f82c409.htm?store={store_code}	RED	54518 miles	Grand Cherokee	1C4RJFBG1MC560308	2021	25910 USD	OCDJR	25910 USD	MI	no	Grand Cherokee	No	Over 20k
1C4RJFBG2MC842795	2021 Jeep Grand Cherokee Limited	Jeep	https://www.oliviachryslercenter.com/used/Jeep/2021-Jeep-Grand-Cherokee-olivia-mn-d4a4b58aac1830bc08ad177ff7c1a895.htm	28759 USD	2021 Bright White Jeep Grand Cherokee Limited 3.6L V-6 cyl For sale at Olivia Chrysler Center in Olivia Minnesota.	https://pictures.web.dealer.com/o/oliviachryslercentercllc/0894/200de415ec7028950417e6e23a43c944x.jpg	in stock	USED	SUV	Vehicles & Parts > Vehicles > Motor Vehicles > Cars, Trucks & Vans	1C4RJFBG2MC842795	https://www.oliviachryslercenter.com/used/Jeep/2021-Jeep-Grand-Cherokee-olivia-mn-d4a4b58aac1830bc08ad177ff7c1a895.htm?store={store_code}	WHITE	39998 miles	Grand Cherokee	1C4RJFBG2MC842795	2021	28759 USD	OCDJR	28759 USD	MI	no	Grand Cherokee	No	Over 20k
1C4HJXEM5MW584418	2021 Jeep Wrangler Unlimited Sahara	Jeep	https://www.oliviachryslercenter.com/used/Jeep/2021-Jeep-Wrangler-olivia-mn-3b88ad00ac18090da9ed9f9d53a243a8.htm	30657 USD	2021 Granite Crystal Jeep Wrangler Unlimited Sahara 3.0L V-6 cyl For sale at Olivia Chrysler Center in Olivia Minnesota.	https://pictures.web.dealer.com/o/oliviachryslercentercllc/1095/746098fca95297fa65c27898e1af7dfdx.jpg	in stock	USED	SUV	Vehicles & Parts > Vehicles > Motor Vehicles > Cars, Trucks & Vans	1C4HJXEM5MW584418	https://www.oliviachryslercenter.com/used/Jeep/2021-Jeep-Wrangler-olivia-mn-3b88ad00ac18090da9ed9f9d53a243a8.htm?store={store_code}	GRAY	33388 miles	Wrangler	1C4HJXEM5MW584418	2021	30657 USD	OCDJR	30657 USD	MI	no	Wrangler	No	Over 20k
1C4PJMBX8ND551886	2022 Jeep Cherokee Trailhawk	Jeep	https://www.oliviachryslercenter.com/used/Jeep/2022-Jeep-Cherokee-olivia-mn-919652f6ac185005b9496b417dde12db.htm	23523 USD	2022 Diamond Black Crystal Pearlcoat Jeep Cherokee Trailhawk 3.2L V-6 cyl For sale at Olivia Chrysler Center in Olivia Minnesota.	https://pictures.web.dealer.com/o/oliviachryslercentercllc/0455/44d47522d2f0780ca14cb1b366d1fafbx.jpg	in stock	USED	SUV	Vehicles & Parts > Vehicles > Motor Vehicles > Cars, Trucks & Vans	1C4PJMBX8ND551886	https://www.oliviachryslercenter.com/used/Jeep/2022-Jeep-Cherokee-olivia-mn-919652f6ac185005b9496b417dde12db.htm?store={store_code}	BLACK	43197 miles	Cherokee	1C4PJMBX8ND551886	2022	23523 USD	OCDJR	23523 USD	MI	no	Cherokee	No	Over 20k
1C4PJMDX8ND531179	2022 Jeep Cherokee Limited	Jeep	https://www.oliviachryslercenter.com/used/Jeep/2022-Jeep-Cherokee-olivia-mn-bac97a10ac183b7cfe9e7d69a20ef1b8.htm	23494 USD	2022 Sting-Gray Clearcoat Jeep Cherokee Limited 3.2L V-6 cyl For sale at Olivia Chrysler Center in Olivia Minnesota.	https://pictures.web.dealer.com/o/oliviachryslercentercllc/0123/1c836398a7c9a7a36f50ce065673bca7x.jpg	in stock	USED	SUV	Vehicles & Parts > Vehicles > Motor Vehicles > Cars, Trucks & Vans	1C4PJMDX8ND531179	https://www.oliviachryslercenter.com/used/Jeep/2022-Jeep-Cherokee-olivia-mn-bac97a10ac183b7cfe9e7d69a20ef1b8.htm?store={store_code}	GRAY	42889 miles	Cherokee	1C4PJMDX8ND531179	2022	23494 USD	OCDJR	23494 USD	MI	no	Cherokee	No	Over 20k
1C4PJMMB3PD106721	2023 Jeep Cherokee Altitude Lux	Jeep	https://www.oliviachryslercenter.com/used/Jeep/2023-Jeep-Cherokee-olivia-mn-8db72ab6ac1823ba6e36220659461656.htm	25997 USD	2023 Bright White Jeep Cherokee Altitude Lux 2.4L I-4 cyl For sale at Olivia Chrysler Center in Olivia Minnesota.	https://pictures.web.dealer.com/o/oliviachryslercentercllc/0200/6e29924c71c01f2fd711960c0610440fx.jpg	in stock	USED	SUV	Vehicles & Parts > Vehicles > Motor Vehicles > Cars, Trucks & Vans	1C4PJMMB3PD106721	https://www.oliviachryslercenter.com/used/Jeep/2023-Jeep-Cherokee-olivia-mn-8db72ab6ac1823ba6e36220659461656.htm?store={store_code}	WHITE	30552 miles	Cherokee	1C4PJMMB3PD106721	2023	25997 USD	OCDJR	25997 USD	MI	no	Cherokee	No	Over 20k
1C4RJHAG2RC258773	2024 Jeep Grand Cherokee Laredo	Jeep	https://www.oliviachryslercenter.com/used/Jeep/2024-Jeep-Grand-Cherokee-olivia-mn-91965460ac18221a7f70d51e7f1768e7.htm	30069 USD	2024 Bright White Clearcoat Jeep Grand Cherokee Laredo 3.6L V-6 cyl For sale at Olivia Chrysler Center in Olivia Minnesota.	https://pictures.web.dealer.com/o/oliviachryslercentercllc/1840/829b787c30e3526f46d7254289c3f4a2x.jpg	in stock	USED	SUV	Vehicles & Parts > Vehicles > Motor Vehicles > Cars, Trucks & Vans	1C4RJHAG2RC258773	https://www.oliviachryslercenter.com/used/Jeep/2024-Jeep-Grand-Cherokee-olivia-mn-91965460ac18221a7f70d51e7f1768e7.htm?store={store_code}	WHITE	33540 miles	Grand Cherokee	1C4RJHAG2RC258773	2024	30069 USD	OCDJR	30069 USD	MI	no	Grand Cherokee	No	Over 20k
1C4PJXEGXRW336422	2024 Jeep Wrangler Sahara	Jeep	https://www.oliviachryslercenter.com/used/Jeep/2024-Jeep-Wrangler-olivia-mn-dd20274eac18308311b99f27d3cec0ea.htm	35996 USD	2024 Black Clearcoat Jeep Wrangler Sahara 3.6L V-6 cyl For sale at Olivia Chrysler Center in Olivia Minnesota.	https://pictures.web.dealer.com/o/oliviachryslercentercllc/1297/dec71acc5c08cbfe5ce5cb28c390d304x.jpg	in stock	USED	SUV	Vehicles & Parts > Vehicles > Motor Vehicles > Cars, Trucks & Vans	1C4PJXEGXRW336422	https://www.oliviachryslercenter.com/used/Jeep/2024-Jeep-Wrangler-olivia-mn-dd20274eac18308311b99f27d3cec0ea.htm?store={store_code}	BLACK	19616 miles	Wrangler	1C4PJXEGXRW336422	2024	35996 USD	OCDJR	35996 USD	MI	no	Wrangler	No	Over 20k
1C4RJKBG0S8642748	2025 Jeep Grand Cherokee L Limited	Jeep	https://www.oliviachryslercenter.com/used/Jeep/2025-Jeep-Grand-Cherokee-L-olivia-mn-ee459cb4ac18102d29ca7f4b9c2ec450.htm	40279 USD	2025 Velvet Red Pearlcoat Jeep Grand Cherokee L Limited 3.6L V-6 cyl For sale at Olivia Chrysler Center in Olivia Minnesota.	https://pictures.web.dealer.com/o/oliviachryslercentercllc/1437/0b3e8151f456ea8908c8548e20d50e37x.jpg	in stock	USED	SUV	Vehicles & Parts > Vehicles > Motor Vehicles > Cars, Trucks & Vans	1C4RJKBG0S8642748	https://www.oliviachryslercenter.com/used/Jeep/2025-Jeep-Grand-Cherokee-L-olivia-mn-ee459cb4ac18102d29ca7f4b9c2ec450.htm?store={store_code}	RED	13943 miles	Grand Cherokee L	1C4RJKBG0S8642748	2025	40279 USD	OCDJR	40279 USD	MI	no	Grand Cherokee L	No	Over 20k
1C4RJHBGXSC269489	2025 Jeep Grand Cherokee Limited	Jeep	https://www.oliviachryslercenter.com/used/Jeep/2025-Jeep-Grand-Cherokee-olivia-mn-3f828c20ac18494f4214ccec344859d9.htm	33655 USD	2025 Velvet Red Pearlcoat Jeep Grand Cherokee Limited 3.6L V-6 cyl For sale at Olivia Chrysler Center in Olivia Minnesota.	https://pictures.web.dealer.com/o/oliviachryslercentercllc/1587/53110edd7d858cadea41748eed73ff74x.jpg	in stock	USED	SUV	Vehicles & Parts > Vehicles > Motor Vehicles > Cars, Trucks & Vans	1C4RJHBGXSC269489	https://www.oliviachryslercenter.com/used/Jeep/2025-Jeep-Grand-Cherokee-olivia-mn-3f828c20ac18494f4214ccec344859d9.htm?store={store_code}	RED	21713 miles	Grand Cherokee	1C4RJHBGXSC269489	2025	33655 USD	OCDJR	33655 USD	MI	no	Grand Cherokee	No	Over 20k
1C4RJHBG9SC303096	2025 Jeep Grand Cherokee Limited	Jeep	https://www.oliviachryslercenter.com/used/Jeep/2025-Jeep-Grand-Cherokee-olivia-mn-81ec6c8bac185005b9496b41dc99f57a.htm	35452 USD	2025 Bright White Jeep Grand Cherokee Limited 3.6L V-6 cyl For sale at Olivia Chrysler Center in Olivia Minnesota.	https://pictures.web.dealer.com/o/oliviachryslercentercllc/0960/76f3681a241a1b86433529f0d9d17b10x.jpg	in stock	USED	SUV	Vehicles & Parts > Vehicles > Motor Vehicles > Cars, Trucks & Vans	1C4RJHBG9SC303096	https://www.oliviachryslercenter.com/used/Jeep/2025-Jeep-Grand-Cherokee-olivia-mn-81ec6c8bac185005b9496b41dc99f57a.htm?store={store_code}	WHITE	26585 miles	Grand Cherokee	1C4RJHBG9SC303096	2025	35452 USD	OCDJR	35452 USD	MI	no	Grand Cherokee	No	Over 20k
1C6SRFJT0KN866904	2019 Ram 1500 Laramie	Ram	https://www.oliviachryslercenter.com/used/Ram/2019-Ram-1500-olivia-mn-5f94b675ac184f13ed91f8cbe5cae3c9.htm	18031 USD	2019 Ivory White Tri-Coat Pearlcoat Ram 1500 Laramie 5.7L V-8 cyl For sale at Olivia Chrysler Center in Olivia Minnesota.	https://pictures.web.dealer.com/o/oliviachryslercentercllc/1901/dadc78e43ce931da0c2198ee8f1299b9x.jpg	in stock	USED	TRUCK	Vehicles & Parts > Vehicles > Motor Vehicles > Cars, Trucks & Vans	1C6SRFJT0KN866904	https://www.oliviachryslercenter.com/used/Ram/2019-Ram-1500-olivia-mn-5f94b675ac184f13ed91f8cbe5cae3c9.htm?store={store_code}	WHITE	182947 miles	1500	1C6SRFJT0KN866904	2019	18031 USD	OCDJR	18031 USD	MI	no	1500	No	Under 20k
1C6SRFFT8KN734661	2019 Ram 1500 Big Horn/Lone Star	Ram	https://www.oliviachryslercenter.com/used/Ram/2019-Ram-1500-olivia-mn-d9ac4817ac185bc0410e180b8232c80a.htm	26360 USD	2019 Diamond Black Crystal Pearlcoat Ram 1500 Big Horn/Lone Star 5.7L V-8 cyl For sale at Olivia Chrysler Center in Olivia Minnesota.	https://pictures.web.dealer.com/o/oliviachryslercentercllc/1443/e8a26aec9d830c35abef22b42d4fdff5x.jpg	in stock	USED	TRUCK	Vehicles & Parts > Vehicles > Motor Vehicles > Cars, Trucks & Vans	1C6SRFFT8KN734661	https://www.oliviachryslercenter.com/used/Ram/2019-Ram-1500-olivia-mn-d9ac4817ac185bc0410e180b8232c80a.htm?store={store_code}	BLACK	74743 miles	1500	1C6SRFFT8KN734661	2019	26360 USD	OCDJR	26360 USD	MI	no	1500	No	Over 20k
1C6SRFFT8LN110439	2020 Ram 1500 Big Horn/Lone Star	Ram	https://www.oliviachryslercenter.com/used/Ram/2020-Ram-1500-olivia-mn-8db727acac185b7043adb35bdc59cee3.htm	22708 USD	2020 Granite Crystal Ram 1500 Big Horn/Lone Star 5.7L V-8 cyl For sale at Olivia Chrysler Center in Olivia Minnesota.	https://pictures.web.dealer.com/o/oliviachryslercentercllc/1060/ceebd434bccc49cc3ec9c0ef6b04144bx.jpg	in stock	USED	TRUCK	Vehicles & Parts > Vehicles > Motor Vehicles > Cars, Trucks & Vans	1C6SRFFT8LN110439	https://www.oliviachryslercenter.com/used/Ram/2020-Ram-1500-olivia-mn-8db727acac185b7043adb35bdc59cee3.htm?store={store_code}	GRAY	129574 miles	1500	1C6SRFFT8LN110439	2020	22708 USD	OCDJR	22708 USD	MI	no	1500	No	Over 20k
1C6RR7LG3MS542127	2021 Ram 1500 Classic SLT	Ram	https://www.oliviachryslercenter.com/used/Ram/2021-Ram-1500-Classic-olivia-mn-5a6eb746ac183155ec812252cb51943d.htm	17776 USD	2021 Flame Red Clearcoat Ram 1500 Classic SLT 3.6L V-6 cyl For sale at Olivia Chrysler Center in Olivia Minnesota.	https://pictures.web.dealer.com/o/oliviachryslercentercllc/1394/59b251f4989ca6e7b398f13a3669b09fx.jpg	in stock	USED	TRUCK	Vehicles & Parts > Vehicles > Motor Vehicles > Cars, Trucks & Vans	1C6RR7LG3MS542127	https://www.oliviachryslercenter.com/used/Ram/2021-Ram-1500-Classic-olivia-mn-5a6eb746ac183155ec812252cb51943d.htm?store={store_code}	RED	141649 miles	1500 Classic	1C6RR7LG3MS542127	2021	17776 USD	OCDJR	17776 USD	MI	no	1500 Classic	No	Under 20k
1C6RR7GG5MS501637	2021 Ram 1500 Classic SLT	Ram	https://www.oliviachryslercenter.com/used/Ram/2021-Ram-1500-Classic-olivia-mn-8db72960ac1823ba6e3622063735e9b7.htm	23258 USD	2021 Bright White Ram 1500 Classic SLT 3.6L V-6 cyl For sale at Olivia Chrysler Center in Olivia Minnesota.	https://pictures.web.dealer.com/o/oliviachryslercentercllc/0597/c8de545b2cb6f747b0f272ecb162ace0x.jpg	in stock	USED	TRUCK	Vehicles & Parts > Vehicles > Motor Vehicles > Cars, Trucks & Vans	1C6RR7GG5MS501637	https://www.oliviachryslercenter.com/used/Ram/2021-Ram-1500-Classic-olivia-mn-8db72960ac1823ba6e3622063735e9b7.htm?store={store_code}	WHITE	83730 miles	1500 Classic	1C6RR7GG5MS501637	2021	23258 USD	OCDJR	23258 USD	MI	no	1500 Classic	No	Over 20k
1C6SRFFT8NN331087	2022 Ram 1500 Big Horn/Lone Star	Ram	https://www.oliviachryslercenter.com/used/Ram/2022-Ram-1500-olivia-mn-863719faac183586ac64e56ad21cb6be.htm	35460 USD	2022 Diamond Black Crystal Pearlcoat Ram 1500 Big Horn/Lone Star 5.7L V-8 cyl For sale at Olivia Chrysler Center in Olivia Minnesota.	https://pictures.web.dealer.com/o/oliviachryslercentercllc/1452/a4252e1ed40cde4918025ab6ea1a53f7x.jpg	in stock	USED	TRUCK	Vehicles & Parts > Vehicles > Motor Vehicles > Cars, Trucks & Vans	1C6SRFFT8NN331087	https://www.oliviachryslercenter.com/used/Ram/2022-Ram-1500-olivia-mn-863719faac183586ac64e56ad21cb6be.htm?store={store_code}	BLACK	17268 miles	1500	1C6SRFFT8NN331087	2022	35460 USD	OCDJR	35460 USD	MI	no	1500	No	Over 20k
1C6SRFJTXNN237980	2022 Ram 1500 Laramie	Ram	https://www.oliviachryslercenter.com/used/Ram/2022-Ram-1500-olivia-mn-af32b325ac1834a791521c6bba7a6bd5.htm	36641 USD	2022 Patriot Blue Pearlcoat Ram 1500 Laramie 5.7L V-8 cyl For sale at Olivia Chrysler Center in Olivia Minnesota.	https://pictures.web.dealer.com/o/oliviachryslercentercllc/1011/45bd5c417fc29957c35d026dfe83b861x.jpg	in stock	USED	TRUCK	Vehicles & Parts > Vehicles > Motor Vehicles > Cars, Trucks & Vans	1C6SRFJTXNN237980	https://www.oliviachryslercenter.com/used/Ram/2022-Ram-1500-olivia-mn-af32b325ac1834a791521c6bba7a6bd5.htm?store={store_code}	BLUE	42934 miles	1500	1C6SRFJTXNN237980	2022	36641 USD	OCDJR	36641 USD	MI	no	1500	No	Over 20k
1C6SRFJT4NN380049	2022 Ram 1500 Laramie	Ram	https://www.oliviachryslercenter.com/used/Ram/2022-Ram-1500-olivia-mn-af32b4c1ac1810ac5033d1c6e60acb5f.htm	35005 USD	2022 Delmonico Red Pearlcoat Ram 1500 Laramie 5.7L V-8 cyl For sale at Olivia Chrysler Center in Olivia Minnesota.	https://pictures.web.dealer.com/o/oliviachryslercentercllc/0879/314e42e26a8413f63427ca47b968c646x.jpg	in stock	USED	TRUCK	Vehicles & Parts > Vehicles > Motor Vehicles > Cars, Trucks & Vans	1C6SRFJT4NN380049	https://www.oliviachryslercenter.com/used/Ram/2022-Ram-1500-olivia-mn-af32b4c1ac1810ac5033d1c6e60acb5f.htm?store={store_code}	RED	52976 miles	1500	1C6SRFJT4NN380049	2022	35005 USD	OCDJR	35005 USD	MI	no	1500	No	Over 20k
1C6SRFHM3NN151943	2022 Ram 1500 Limited	Ram	https://www.oliviachryslercenter.com/used/Ram/2022-Ram-1500-olivia-mn-e91fff67ac1844aa370ddd9e2d30186d.htm	38268 USD	2022 Diamond Black Crystal Pearlcoat Ram 1500 Limited 3.0L V-6 cyl For sale at Olivia Chrysler Center in Olivia Minnesota.	https://pictures.web.dealer.com/o/oliviachryslercentercllc/0041/71ed06ca3c516ee3c779339b14b458a9x.jpg	in stock	USED	TRUCK	Vehicles & Parts > Vehicles > Motor Vehicles > Cars, Trucks & Vans	1C6SRFHM3NN151943	https://www.oliviachryslercenter.com/used/Ram/2022-Ram-1500-olivia-mn-e91fff67ac1844aa370ddd9e2d30186d.htm?store={store_code}	BLACK	69829 miles	1500	1C6SRFHM3NN151943	2022	38268 USD	OCDJR	38268 USD	MI	no	1500	No	Over 20k
1C6SRFFT0NN331083	2022 Ram 1500 Big Horn/Lone Star	Ram	https://www.oliviachryslercenter.com/used/Ram/2022-Ram-1500-olivia-mn-f9daed5cac180c6d891995bf1c33c608.htm	34245 USD	2022 Billet Silver Ram 1500 Big Horn/Lone Star 5.7L V-8 cyl For sale at Olivia Chrysler Center in Olivia Minnesota.	https://images.dealer.com/autodata/us/color/2022/USD20RMT11CC0/PSC.jpg	in stock	USED	TRUCK	Vehicles & Parts > Vehicles > Motor Vehicles > Cars, Trucks & Vans	1C6SRFFT0NN331083	https://www.oliviachryslercenter.com/used/Ram/2022-Ram-1500-olivia-mn-f9daed5cac180c6d891995bf1c33c608.htm?store={store_code}	SILVER	38700 miles	1500	1C6SRFFT0NN331083	2022	34245 USD	OCDJR	34245 USD	MI	no	1500	No	Over 20k
1C6SRFKT4PN550377	2023 Ram 1500 Longhorn	Ram	https://www.oliviachryslercenter.com/used/Ram/2023-Ram-1500-olivia-mn-f9dae912ac185c43e2a374ec096d8366.htm	34861 USD	2023 Diamond Black Crystal Pearlcoat Ram 1500 Longhorn 5.7L V-8 cyl For sale at Olivia Chrysler Center in Olivia Minnesota.	https://pictures.web.dealer.com/o/oliviachryslercentercllc/0881/29a85ec03543fe6be84c49f8380558f8x.jpg	in stock	USED	TRUCK	Vehicles & Parts > Vehicles > Motor Vehicles > Cars, Trucks & Vans	1C6SRFKT4PN550377	https://www.oliviachryslercenter.com/used/Ram/2023-Ram-1500-olivia-mn-f9dae912ac185c43e2a374ec096d8366.htm?store={store_code}	BLACK	121046 miles	1500	1C6SRFKT4PN550377	2023	34861 USD	OCDJR	34861 USD	MI	no	1500	No	Over 20k
3C63R3JJ0RG209329	2024 Ram 3500 Laramie	Ram	https://www.oliviachryslercenter.com/used/Ram/2024-Ram-3500-olivia-mn-91965621ac182bafa05e7fee36b3f26c.htm	66897 USD	2024 Diamond Black Crystal Pearlcoat Ram 3500 Laramie 6.4L V-8 cyl For sale at Olivia Chrysler Center in Olivia Minnesota.	https://pictures.web.dealer.com/o/oliviachryslercentercllc/0089/53845dd52a3dac4fffde7d9d8192e830x.jpg	in stock	USED	TRUCK	Vehicles & Parts > Vehicles > Motor Vehicles > Cars, Trucks & Vans	3C63R3JJ0RG209329	https://www.oliviachryslercenter.com/used/Ram/2024-Ram-3500-olivia-mn-91965621ac182bafa05e7fee36b3f26c.htm?store={store_code}	BLACK	4396 miles	3500	3C63R3JJ0RG209329	2024	66897 USD	OCDJR	66897 USD	MI	no	3500	No	Over 20k
3C63R3SL9RG275152	2024 Ram 3500 Limited	Ram	https://www.oliviachryslercenter.com/used/Ram/2024-Ram-3500-olivia-mn-c9e9d6adac1808ef10dbfabce9c03313.htm	74623 USD	2024 Granite Crystal Ram 3500 Limited 6.7L I-6 cyl For sale at Olivia Chrysler Center in Olivia Minnesota.	https://pictures.web.dealer.com/o/oliviachryslercentercllc/0525/e82e279de90ba44692c70b62262ae7e0x.jpg	in stock	USED	TRUCK	Vehicles & Parts > Vehicles > Motor Vehicles > Cars, Trucks & Vans	3C63R3SL9RG275152	https://www.oliviachryslercenter.com/used/Ram/2024-Ram-3500-olivia-mn-c9e9d6adac1808ef10dbfabce9c03313.htm?store={store_code}	GRAY	15290 miles	3500	3C63R3SL9RG275152	2024	74623 USD	OCDJR	74623 USD	MI	no	3500	No	Over 20k
1C6SRFJP3SN532224	2025 Ram 1500 Laramie	Ram	https://www.oliviachryslercenter.com/used/Ram/2025-Ram-1500-olivia-mn-f9daeab4ac185854affdd46552855194.htm	41157 USD	2025 Delmonico Red Pearlcoat Ram 1500 Laramie 3.0L I-6 cyl For sale at Olivia Chrysler Center in Olivia Minnesota.	https://images.dealer.com/autodata/us/color/2025/USD50RMT11CD0/PRV.jpg	in stock	USED	TRUCK	Vehicles & Parts > Vehicles > Motor Vehicles > Cars, Trucks & Vans	1C6SRFJP3SN532224	https://www.oliviachryslercenter.com/used/Ram/2025-Ram-1500-olivia-mn-f9daeab4ac185854affdd46552855194.htm?store={store_code}	RED	43813 miles	1500	1C6SRFJP3SN532224	2025	41157 USD	OCDJR	41157 USD	MI	no	1500	No	Over 20k
